Afghanistan	例句：Afghanistan has been through many years of conflict.（阿富汗经历了多年的冲突。）
Afghanistan	例句：The future of Afghanistan is uncertain.（阿富汗的未来充满不确定性。）
Afghanistan	例句：We learned about Afghanistan in geography class.（我们在地理课上了解了阿富汗。）
Alabama	例句：Alabama has a rich history.（阿拉巴马州有丰富的历史。）
Alabama	例句：Alabama is a southern state.（阿拉巴马州是一个南部州。）
Alabama	例句：He lives in Alabama.（他住在阿拉巴马州。）
Alaska	例句：Alaska is famous for its stunning natural beauty.（阿拉斯加州以其令人惊叹的自然美景而闻名。）
Alaska	例句：He has always wanted to visit Alaska.（他一直想去阿拉斯加。）
Alaska	例句：They went on a cruise to Alaska.（他们去阿拉斯加巡航。）
Allah	例句：Muslims believe in Allah.（穆斯林信仰真主安拉。）
Allah	例句：Prayers are offered to Allah.（向真主安拉祈祷。）
Allah	例句：The name of Allah is sacred.（真主安拉的名字是神圣的。）
Amsterdam	例句：Amsterdam is a beautiful city.（阿姆斯特丹是一个美丽的城市。）
Amsterdam	例句：Amsterdam is known for its canals and museums.（阿姆斯特丹以其运河和博物馆而闻名。）
Amsterdam	例句：We visited Amsterdam last summer.（我们去年夏天参观了阿姆斯特丹。）
April	例句：April is a month of renewal.（四月是一个更新的月份。）
April	例句：April showers bring May flowers.（四月雨带来五月花。）
April	例句：She will get married in April.（她将在四月结婚。）
Arizona	例句：Arizona has a unique climate.（亚利桑那州有独特的气候。）
Arizona	例句：Arizona is known for its desert scenery.（亚利桑那州以其沙漠风景而闻名。）
Arizona	例句：He lives in Arizona.（他住在亚利桑那州。）
Atlanta	例句：Atlanta is a major city in the United States.（亚特兰大是美国的一个主要城市。）
Atlanta	例句：Atlanta is known for its sports teams.（亚特兰大以其体育队而闻名。）
Atlanta	例句：He lives in Atlanta.（他住在亚特兰大。）
Auschwitz	例句：Auschwitz is a place of great historical significance.（奥斯维辛是一个具有重大历史意义的地方。）
Auschwitz	例句：I visited Auschwitz to learn about the Holocaust.（我去奥斯维辛了解大屠杀。）
Auschwitz	例句：The memories of Auschwitz are haunting.（奥斯维辛的记忆令人难以忘怀。）
Bach	例句：Bach's music is timeless.（巴赫的音乐是永恒的。）
Bach	例句：Bach's works are masterpieces of classical music.（巴赫的作品是古典音乐的杰作。）
Bach	例句：He is a fan of Bach's compositions.（他是巴赫作品的粉丝。）
Bangkok	例句：Bangkok is a vibrant city.（曼谷是一个充满活力的城市。）
Bangkok	例句：Bangkok is known for its temples and markets.（曼谷以其寺庙和市场而闻名。）
Bangkok	例句：She went on vacation to Bangkok.（她去曼谷度假。）
Barcelona	例句：Barcelona is a beautiful city with amazing architecture.（巴塞罗那是一个拥有惊人建筑的美丽城市。）
Barcelona	例句：Barcelona is famous for its football team.（巴塞罗那以其足球队而闻名。）
Barcelona	例句：He dreams of visiting Barcelona one day.（他梦想有一天去巴塞罗那旅游。）
Buddha	例句：Buddha's teachings have inspired millions.（佛陀的教诲激励了数百万人。）
Buddha	例句：People worship Buddha for spiritual guidance.（人们崇拜佛陀以寻求精神指引。）
Buddha	例句：The statue of Buddha is majestic.（佛像很雄伟。）
Cadillac	例句：He drives a Cadillac.（他开一辆凯迪拉克。）
Cadillac	例句：I saw a beautiful Cadillac on the street.（我在街上看到一辆漂亮的凯迪拉克。）
Cadillac	例句：The Cadillac is a luxury car.（凯迪拉克是一辆豪华车。）
Cambridge	例句：Cambridge is a beautiful city.（剑桥是一个美丽的城市。）
Cambridge	例句：She studied at Cambridge University.（她在剑桥大学学习。）
Cambridge	例句：The Cambridge Dictionary is widely used.（《剑桥词典》被广泛使用。）
Chinese	例句：He is learning Chinese.（他正在学习中文。）
Chinese	例句：The Chinese people are friendly and hardworking.（中国人民友好且勤劳。）
Chinese	例句：This is a traditional Chinese festival.（这是一个中国传统节日。）
Churchill	例句：Churchill was a great leader during World War II.（丘吉尔是二战期间的一位伟大领袖。）
Churchill	例句：The name Churchill is associated with courage and determination.（丘吉尔这个名字与勇气和决心联系在一起。）
Churchill	例句：We can learn a lot from Churchill's speeches.（我们可以从丘吉尔的演讲中学到很多。）
Colorado	例句：Colorado is known for its beautiful mountains.（科罗拉多州以其美丽的山脉而闻名。）
Colorado	例句：He has a friend who lives in Colorado.（他有一个朋友住在科罗拉多州。）
Colorado	例句：They went skiing in Colorado.（他们去科罗拉多州滑雪。）
Columbia	例句：Columbia is the capital of South Carolina.（哥伦比亚是南卡罗来纳州的首府。）
Columbia	例句：He is from British Columbia.（他来自英属哥伦比亚省。）
Columbia	例句：The Columbia space shuttle was a significant achievement.（哥伦比亚号航天飞机是一项重大成就。）
Columbus	例句：Christopher Columbus discovered America.（克里斯托弗?哥伦布发现了美洲。）
Columbus	例句：Columbus' voyages changed the world.（哥伦布的航行改变了世界。）
Columbus	例句：He read a book about Columbus.（他读了一本关于哥伦布的书。）
Connecticut	例句：Connecticut is a state in the northeastern United States.（康涅狄格是美国东北部的一个州。）
Connecticut	例句：Connecticut is known for its beautiful scenery.（康涅狄格以其美丽的风景而闻名。）
Connecticut	例句：We lived in Connecticut for a few years.（我们在康涅狄格住了几年。）
DNA	例句：DNA contains the genetic information of an organism.（DNA 包含生物体的遗传信息。）
DNA	例句：DNA sequencing is a powerful tool in genetics.（DNA 测序是遗传学中的一个强大工具。）
DNA	例句：Scientists study DNA to understand heredity.（科学家研究 DNA 以理解遗传。）
Denver	例句：Denver is a vibrant city.（丹佛是一个充满活力的城市。）
Denver	例句：Denver is known for its beautiful scenery.（丹佛以其美丽的风景而闻名。）
Denver	例句：I went to Denver on business.（我去丹佛出差。）
Dora	例句：Dora is a kind and intelligent girl.（多拉是一个善良又聪明的女孩。）
Dora	例句：Dora loves reading books.（多拉喜欢读书。）
Dora	例句：I met Dora at the park yesterday.（我昨天在公园遇见了多拉。）
Dubai	例句：Dubai is a modern city.（迪拜是一个现代化城市。）
Dubai	例句：He works in Dubai.（他在迪拜工作。）
Dubai	例句：They visited Dubai.（他们参观了迪拜。）
England	例句：England has a rich history and culture.（英格兰有丰富的历史和文化。）
England	例句：England has a rich history and is known for its castles and cathedrals.（英格兰历史悠久，以其城堡和大教堂而闻名。）
England	例句：England is a country within the United Kingdom.（英格兰是英国的一个国家。）
England	例句：England is a part of the United Kingdom.（英格兰是英国的一部分。）
England	例句：London, the capital of England, is a vibrant and multicultural city.（英格兰的首府伦敦是一个充满活力的多元文化城市。）
England	例句：They live in England.（他们住在英格兰。）
Europa	例句：Europa is a fascinating moon.（木卫二是一个迷人的卫星。）
Europa	例句：Europa may have an ocean beneath its icy surface.（木卫二在其冰冷的表面下可能有一个海洋。）
Europa	例句：Scientists are interested in Europa's potential for life.（科学家对木卫二上可能存在生命很感兴趣。）
Frankfurt	例句：Frankfurt has a rich history and culture.（法兰克福有着丰富的历史和文化。）
Frankfurt	例句：Frankfurt is a major financial center.（法兰克福是一个主要的金融中心。）
Frankfurt	例句：I visited Frankfurt last year.（我去年参观了法兰克福。）
Freud	例句：Freud's ideas are still debated today.（弗洛伊德的思想在今天仍然存在争议。）
Freud	例句：Freud's theories revolutionized psychology.（弗洛伊德的理论彻底改变了心理学。）
Freud	例句：We study Freud's works in psychology courses.（我们在心理学课程中学习弗洛伊德的作品。）
Haiti	例句：Haiti has a long history.（海地有悠久的历史。）
Haiti	例句：Haiti is located in the Caribbean.（海地位于加勒比地区。）
Haiti	例句：He visited Haiti last year.（他去年去了海地。）
Hamburg	例句：Hamburg is a beautiful city.（汉堡是一个美丽的城市。）
Hamburg	例句：He visited Hamburg last year.（他去年去了汉堡。）
Hamburg	例句：They are planning a trip to Hamburg.（他们正在计划去汉堡旅行。）
Holland	例句：He went to Holland for a vacation.（他去荷兰度假。）
Holland	例句：Holland is famous for its windmills.（荷兰以其风车而闻名。）
Holland	例句：The tulips in Holland are beautiful.（荷兰的郁金香很漂亮。）
Hummer	例句：He drives a Hummer.（他开一辆悍马。）
Hummer	例句：The Hummer is a powerful vehicle.（悍马是一辆强大的车辆。）
Hummer	例句：There are many Hummers on the road.（路上有很多悍马。）
Illinois	例句：He lives in Illinois.（他住在伊利诺伊州。）
Illinois	例句：Illinois is known for its agriculture.（伊利诺伊州以其农业而闻名。）
Illinois	例句：The University of Illinois is a famous institution.（伊利诺伊大学是一所著名的学府。）
Inquisition	例句：The Inquisition was a powerful institution in medieval times.（宗教法庭在中世纪是一个强大的机构。）
Inquisition	例句：The government launched an inquisition into the matter.（政府对这件事展开了调查。）
Inquisition	例句：The inquisition lasted for months.（审讯持续了几个月。）
Internet	例句：The Internet has changed the way we live.（互联网改变了我们的生活方式。）
Internet	例句：The Internet is a powerful tool for communication.（互联网是一种强大的通信工具。）
Internet	例句：We can access information easily through the Internet.（我们可以通过互联网轻松获取信息。）
Iowa	例句：Iowa has many beautiful landscapes.（爱荷华州有许多美丽的风景。）
Iowa	例句：Iowa is known for its agricultural production.（爱荷华州以其农业生产而闻名。）
Iowa	例句：We visited Iowa last summer.（我们去年夏天参观了爱荷华州。）
Iran	例句：He visited Iran last year.（他去年参观了伊朗。）
Iran	例句：Iran has a long history.（伊朗有悠久的历史。）
Iran	例句：Iran is a country in the Middle East.（伊朗是中东的一个国家。）
Istanbul	例句：He visited Istanbul last year.（他去年参观了伊斯坦布尔。）
Istanbul	例句：Istanbul is a beautiful city.（伊斯坦布尔是一座美丽的城市。）
Istanbul	例句：Istanbul is known for its historical sites.（伊斯坦布尔以其历史遗迹而闻名。）
Japan	例句：He went to Japan on business.（他去日本出差。）
Japan	例句：Japan is known for its technology.（日本以其科技而闻名。）
Japan	例句：The culture of Japan is fascinating.（日本的文化很迷人。）
Jupiter	例句：Jupiter has many moons.（木星有很多卫星。）
Jupiter	例句：Jupiter is the largest planet in our solar system.（木星是我们太阳系中最大的行星。）
Jupiter	例句：Scientists study Jupiter to learn more about the universe.（科学家研究木星以了解更多关于宇宙的知识。）
Kaiser	例句：The Kaiser ruled Germany in the past.（德国皇帝曾经统治德国。）
Kaiser	例句：The name Kaiser is associated with power.（“Kaiser” 这个名字与权力有关。）
Kaiser	例句：They are studying the history of the Kaiser.（他们正在研究德国皇帝的历史。）
Keller	例句：Helen Keller is a famous figure.（海伦?凯勒是一个著名的人物。）
Keller	例句：I read about Keller's life.（我读了关于凯勒的生活。）
Keller	例句：Keller overcame many obstacles.（凯勒克服了许多障碍。）
Kentucky	例句：I visited Kentucky last summer.（我去年夏天参观了肯塔基州。）
Kentucky	例句：Kentucky has beautiful landscapes.（肯塔基州有美丽的风景。）
Kentucky	例句：Kentucky is known for its horse racing.（肯塔基州以赛马而闻名。）
Koran	例句：Muslims study the Koran for spiritual guidance.（穆斯林通过学习《古兰经》获得精神指导。）
Koran	例句：The Koran has had a significant impact on Islamic culture.（《古兰经》对伊斯兰文化产生了重大影响。）
Koran	例句：The Koran is the holy book of Islam.（《古兰经》是伊斯兰教的圣书。）
Krypton	例句：Krypton is a noble gas.（氪是一种稀有气体。）
Krypton	例句：Krypton is used in some special lamps.（氪被用于一些特殊的灯具中。）
Krypton	例句：The light bulb contains krypton.（灯泡里含有氪。）
Londoner	例句：Londoners are known for their love of tea.（伦敦人以他们对茶的热爱而闻名。）
Londoner	例句：She is a proud Londoner.（她是一个自豪的伦敦人。）
Londoner	例句：The Londoner has a unique accent.（伦敦人有独特的口音。）
Louisiana	例句：I have always wanted to visit Louisiana.（我一直想去路易斯安那州。）
Louisiana	例句：Louisiana is known for its unique culture.（路易斯安那州以其独特的文化而闻名。）
Louisiana	例句：The food in Louisiana is delicious.（路易斯安那州的食物很美味。）
Lyon	例句：I want to visit Lyon someday.（我希望有一天能去里昂。）
Lyon	例句：Lyon is a beautiful city in France.（里昂是法国一个美丽的城市。）
Lyon	例句：The food in Lyon is delicious.（里昂的食物很美味。）
Madrid	例句：He visited Madrid.（他参观了马德里。）
Madrid	例句：Madrid is a vibrant city.（马德里是一个充满活力的城市。）
Madrid	例句：Madrid is known for its art and culture.（马德里以其艺术和文化而闻名。）
Maine	例句：He lives in Maine.（他住在缅因州。）
Maine	例句：I went on vacation to Maine.（我去缅因州度假了。）
Maine	例句：Maine is known for its beautiful coastline.（缅因州以其美丽的海岸线而闻名。）
Manchester	例句：Manchester is an industrial city.（曼彻斯特是一个工业城市。）
Manchester	例句：Manchester is known for its music scene.（曼彻斯特以其音乐场景而闻名。）
Manchester	例句：She lives in Manchester.（她住在曼彻斯特。）
Mars	例句：Mars is closer to Earth than some other planets.（火星比其他一些行星更接近地球。）
Mars	例句：Mars is often called the Red Planet.（火星常被称为红色星球。）
Mars	例句：Scientists are studying Mars for signs of life.（科学家们正在研究火星以寻找生命迹象。）
Marseille	例句：I visited Marseille to see the sea.（我去马赛看海。）
Marseille	例句：Marseille is a port city in France.（马赛是法国的一个港口城市。）
Marseille	例句：The food in Marseille is delicious.（马赛的食物很美味。）
Maryland	例句：Maryland is known for its beautiful landscapes.（马里兰州以其美丽的风景而闻名。）
Maryland	例句：She lives in Maryland.（她住在马里兰州。）
Maryland	例句：The university in Maryland is prestigious.（马里兰州的那所大学很有名望。）
Massachusetts	例句：Massachusetts is known for its history and culture.（马萨诸塞州以其历史和文化而闻名。）
Massachusetts	例句：She lives in Massachusetts.（她住在马萨诸塞州。）
Massachusetts	例句：The university in Massachusetts is prestigious.（马萨诸塞州的那所大学很有名望。）
Melbourne	例句：I visited Melbourne last year.（我去年参观了墨尔本。）
Melbourne	例句：Melbourne is known for its vibrant arts scene.（墨尔本以其充满活力的艺术氛围而闻名。）
Melbourne	例句：She dreams of living in Melbourne.（她梦想着住在墨尔本。）
Memphis	例句：I visited Memphis last year.（我去年去了孟菲斯。）
Memphis	例句：Memphis is famous for its music.（孟菲斯以其音乐而闻名。）
Memphis	例句：The food in Memphis is delicious.（孟菲斯的食物很美味。）
Mercedes	例句：He drives a Mercedes.（他开一辆梅赛德斯。）
Mercedes	例句：She dreams of owning a Mercedes.（她梦想拥有一辆梅赛德斯。）
Mercedes	例句：The Mercedes is a luxury car.（梅赛德斯是一辆豪华车。）
Michigan	例句：He lives in Michigan.（他住在密歇根。）
Michigan	例句：Michigan has a rich history.（密歇根有丰富的历史。）
Michigan	例句：Michigan is known for its beautiful lakes.（密歇根以其美丽的湖泊而闻名。）
Minnesota	例句：He lives in Minnesota.（他住在明尼苏达州。）
Minnesota	例句：I went to Minnesota on vacation.（我去明尼苏达州度假。）
Minnesota	例句：Minnesota is known for its beautiful lakes.（明尼苏达州以其美丽的湖泊而闻名。）
Mississippi	例句：Mississippi has a unique culture.（密西西比州有独特的文化。）
Mississippi	例句：She lives in Mississippi.（她住在密西西比州。）
Mississippi	例句：The Mississippi River is one of the longest rivers in the world.（密西西比河是世界上最长的河流之一。）
Missouri	例句：He comes from Missouri.（他来自密苏里。）
Missouri	例句：Missouri has beautiful scenery.（密苏里有美丽的风景。）
Missouri	例句：Missouri is famous for its barbecue.（密苏里以其烤肉而闻名。）
Montana	例句：He lives in Montana.（他住在蒙大拿。）
Montana	例句：Montana has beautiful natural scenery.（蒙大拿有美丽的自然风光。）
Montana	例句：We took a road trip through Montana.（我们在蒙大拿进行了一次公路旅行。）
Moses	例句：Moses is regarded as a great leader.（摩西被视为一位伟大的领袖。）
Moses	例句：Moses led the Israelites out of Egypt.（摩西带领以色列人走出埃及。）
Moses	例句：We read about Moses in the Bible.（我们在《圣经》中读到了摩西。）
Moslem	例句：Moslem culture is rich and diverse.（穆斯林文化丰富多样。）
Moslem	例句：Moslems follow the teachings of Islam.（穆斯林遵循伊斯兰教的教义。）
Moslem	例句：There are many Moslems in this country.（这个国家有很多穆斯林。）
Murray	例句：Murray is a common name.（默里是一个常见的名字。）
Murray	例句：The Murray River is an important waterway.（墨累河是一条重要的水道。）
Murray	例句：We went on a trip along the Murray.（我们沿着墨累河进行了一次旅行。）
Nazi	例句：He is studying Nazi history.（他正在研究纳粹历史。）
Nazi	例句：The Nazi regime was brutal.（纳粹政权很残忍。）
Nazi	例句：The Nazis committed atrocities during World War II.（纳粹在第二次世界大战期间犯下了暴行。）
Nevada	例句：I visited Nevada last year.（我去年去了内华达州。）
Nevada	例句：Nevada is known for its casinos.（内华达州以其赌场而闻名。）
Nevada	例句：The landscape of Nevada is unique.（内华达州的风景很独特。）
November	例句：November is a month of change.（十一月是一个变化的月份。）
November	例句：The leaves fall in November.（树叶在十一月飘落。）
November	例句：They got married in November.（他们在十一月结婚。）
Oakland	例句：Oakland is known for its diverse population.（奥克兰以其多样化的人口而闻名。）
Oakland	例句：She lives in Oakland.（她住在奥克兰。）
Oakland	例句：The food in Oakland is delicious.（奥克兰的食物很美味。）
Odysseus	例句：He read about Odysseus' adventures.（他读了奥德修斯的冒险故事。）
Odysseus	例句：Odysseus is a legendary figure.（奥德修斯是一个传奇人物。）
Odysseus	例句：Odysseus' journey is full of challenges.（奥德修斯的旅程充满了挑战。）
Ohio	例句：I want to visit Ohio someday.（我希望有一天能去俄亥俄州旅游。）
Ohio	例句：Ohio is an important industrial state.（俄亥俄州是一个重要的工业州。）
Ohio	例句：The history of Ohio is rich.（俄亥俄州的历史很丰富。）
Oklahoma	例句：I have never been to Oklahoma.（我从未去过俄克拉何马州。）
Oklahoma	例句：Oklahoma is located in the heartland of the United States.（俄克拉何马州位于美国的中心地带。）
Oklahoma	例句：The culture of Oklahoma is unique.（俄克拉何马州的文化很独特。）
Oregon	例句：I want to visit Oregon someday.（我希望有一天能去俄勒冈州旅游。）
Oregon	例句：Oregon is known for its beautiful scenery.（俄勒冈州以其美丽的风景而闻名。）
Oregon	例句：The economy of Oregon is diverse.（俄勒冈州的经济是多样化的。）
Orion	例句：Astronomers study Orion for its interesting features.（天文学家研究猎户座是因为它有有趣的特征。）
Orion	例句：Orion is easily recognizable in the night sky.（猎户座在夜空中很容易辨认。）
Orion	例句：The constellation Orion has several bright stars.（猎户座这个星座有几颗明亮的星星。）
Oxford	例句：He visited Oxford.（他参观了牛津。）
Oxford	例句：Oxford is a beautiful city.（牛津是一个美丽的城市。）
Oxford	例句：She is studying at Oxford.（她在牛津学习。）
Pakistan	例句：He visited Pakistan last year.（他去年去了巴基斯坦。）
Pakistan	例句：Pakistan has a beautiful landscape.（巴基斯坦有美丽的风景。）
Pakistan	例句：Pakistan is an important country in South Asia.（巴基斯坦是南亚的一个重要国家。）
Pennsylvania	例句：Pennsylvania has a rich history.（宾夕法尼亚州有丰富的历史。）
Pennsylvania	例句：Pennsylvania is known for its beautiful landscapes.（宾夕法尼亚州以其美丽的风景而闻名。）
Pennsylvania	例句：They are planning a trip to Pennsylvania.（他们正在计划去宾夕法尼亚州旅行。）
Peru	例句：I want to visit Peru someday.（我希望有一天去秘鲁旅游。）
Peru	例句：Peru is known for its ancient ruins.（秘鲁以其古老的遗迹而闻名。）
Peru	例句：The products from Peru are popular.（来自秘鲁的产品很受欢迎。）
Philadelphia	例句：Philadelphia is a historical city.（费城是一个历史悠久的城市。）
Philadelphia	例句：Philadelphia is known for its museums.（费城以其博物馆而闻名。）
Philadelphia	例句：They visited Philadelphia on their trip.（他们在旅行中参观了费城。）
Pittsburgh	例句：He lives in Pittsburgh.（他住在匹兹堡。）
Pittsburgh	例句：Pittsburgh has many attractions.（匹兹堡有很多景点。）
Pittsburgh	例句：Pittsburgh is known for its steel industry.（匹兹堡以其钢铁工业而闻名。）
Portugal	例句：Portugal is known for its beautiful beaches.（葡萄牙以其美丽的海滩而闻名。）
Portugal	例句：The history of Portugal is fascinating.（葡萄牙的历史很迷人。）
Portugal	例句：They went on a trip to Portugal.（他们去葡萄牙旅行。）
Prometheus	例句：Prometheus is revered as a hero by many.（普罗米修斯被许多人尊为英雄。）
Prometheus	例句：Prometheus was punished for giving fire to humans.（普罗米修斯因给人类带来火种而受到惩罚。）
Prometheus	例句：The story of Prometheus is a symbol of courage and sacrifice.（普罗米修斯的故事是勇气和牺牲的象征。）
Richmond	例句：I visited Richmond last summer.（我去年夏天参观了里士满。）
Richmond	例句：Richmond has many historical sites.（里士满有许多历史遗迹。）
Richmond	例句：Richmond is a beautiful city.（里士满是一个美丽的城市。）
Roman	例句：Roman architecture is impressive.（古罗马建筑令人印象深刻。）
Roman	例句：The Roman Empire was powerful.（罗马帝国很强大。）
Roman	例句：Who were the Romans?（罗马人是谁？）
SMS	例句：He sent an SMS to his friend.（他给朋友发了一条短信。）
SMS	例句：She received an important SMS.（她收到了一条重要短信。）
SMS	例句：The company uses SMS for marketing.（这家公司用短信进行营销。）
Sabine	例句：She is called Sabine.（她叫萨宾。）
Sabine	例句：The Sabines were an ancient people.（萨宾人是一个古老的民族。）
Sabine	例句：They are researching Sabine culture.（他们正在研究萨宾文化。）
Santiago	例句：He traveled to Santiago for business.（他为了生意去了圣地亚哥。）
Santiago	例句：Santiago is the capital of Chile.（圣地亚哥是智利的首都。）
Santiago	例句：The architecture in Santiago is impressive.（圣地亚哥的建筑令人印象深刻。）
Seoul	例句：Seoul is a vibrant city.（首尔是一个充满活力的城市。）
Seoul	例句：Seoul is known for its delicious food.（首尔以其美味的食物而闻名。）
Seoul	例句：She visited Seoul last year.（她去年参观了首尔。）
September	例句：He was born in September.（他出生在九月。）
September	例句：School starts in September.（学校在九月开学。）
September	例句：September is a beautiful month.（九月是一个美丽的月份。）
Stockholm	例句：He visited Stockholm last year.（他去年去了斯德哥尔摩。）
Stockholm	例句：Stockholm is a beautiful city.（斯德哥尔摩是一个美丽的城市。）
Stockholm	例句：Stockholm is known for its architecture.（斯德哥尔摩以其建筑而闻名。）
Tennessee	例句：He lives in Tennessee.（他住在田纳西州。）
Tennessee	例句：She went on a road trip to Tennessee.（她去田纳西州进行了一次公路旅行。）
Tennessee	例句：Tennessee is known for its beautiful landscapes.（田纳西州以其美丽的风景而闻名。）
Thai	例句：I love Thai food, especially green curry.（我喜欢泰国菜，尤其是绿咖喱。）
Thai	例句：She is learning Thai to communicate better with the locals in Thailand.（她正在学习泰语以便更好地与泰国当地人交流。）
Thai	例句：The Thai people are known for their friendliness.（泰国人以友好著称。）
Thailand	例句：Many people travel to Thailand to enjoy the delicious Thai cuisine.（很多人去泰国品尝美味的泰国菜。）
Thailand	例句：She has always dreamed of visiting Thailand to experience its unique culture.（她一直梦想着去泰国体验其独特的文化。）
Thailand	例句：Thailand is a popular tourist destination known for its beautiful beaches.（泰国是一个以美丽海滩闻名的热门旅游目的地。）
Tokyo	例句：He visited Tokyo last year.（他去年参观了东京。）
Tokyo	例句：Tokyo is a modern and vibrant city.（东京是一个现代化且充满活力的城市。）
Tokyo	例句：Tokyo is known for its technology and fashion.（东京以其科技和时尚而闻名。）
Toronto	例句：I visited Toronto last year.（我去年参观了多伦多。）
Toronto	例句：The architecture of Toronto is impressive.（多伦多的建筑令人印象深刻。）
Toronto	例句：Toronto is a vibrant city.（多伦多是一个充满活力的城市。）
USA	例句：She is from the USA.（她来自美国。）
USA	例句：The USA has many famous landmarks.（美国有很多著名的地标。）
USA	例句：The sports culture in the USA is very vibrant.（美国的体育文化非常活跃。）
Ukraine	例句：She is interested in the culture of Ukraine.（她对乌克兰的文化感兴趣。）
Ukraine	例句：The conflict in Ukraine has drawn international attention.（乌克兰的冲突引起了国际关注。）
Ukraine	例句：Ukraine is rich in agricultural resources.（乌克兰有丰富的农业资源。）
Utah	例句：He lives in Utah.（他住在犹他州。）
Utah	例句：They went on a trip to Utah.（他们去犹他州旅行。）
Utah	例句：Utah is known for its beautiful landscapes.（犹他州以其美丽的风景而闻名。）
Venezuela	例句：He traveled to Venezuela last year.（他去年去了委内瑞拉。）
Venezuela	例句：Venezuela has rich natural resources.（委内瑞拉有丰富的自然资源。）
Venezuela	例句：Venezuela is a beautiful country.（委内瑞拉是一个美丽的国家。）
Venus	例句：The surface of Venus is hot and rocky.（金星的表面炎热且多岩石。）
Venus	例句：Venus is the second planet from the sun.（金星是离太阳第二近的行星。）
Venus	例句：We have learned a lot about Venus.（我们对金星了解了很多。）
Vermont	例句：Vermont has many charming small towns.（佛蒙特州有许多迷人的小镇。）
Vermont	例句：Vermont is known for its beautiful fall foliage.（佛蒙特州以其美丽的秋叶而闻名。）
Vermont	例句：We took a road trip through Vermont.（我们在佛蒙特州进行了一次公路旅行。）
Vietnam	例句：He traveled to Vietnam last year.（他去年去了越南。）
Vietnam	例句：Vietnam has a rich culture and history.（越南有丰富的文化和历史。）
Vietnam	例句：Vietnam is a beautiful country.（越南是一个美丽的国家。）
Wales	例句：He visited Wales last summer.（他去年夏天去了威尔士。）
Wales	例句：The culture of Wales is rich and diverse.（威尔士的文化丰富多样。）
Wales	例句：Wales is a beautiful country.（威尔士是一个美丽的国家。）
Wellington	例句：He is named Wellington.（他叫惠灵顿。）
Wellington	例句：I visited Wellington last year.（我去年去了惠灵顿。）
Wellington	例句：Wellington is the capital city of New Zealand.（惠灵顿是新西兰的首都。）
Wisconsin	例句：He lives in Wisconsin.（他住在威斯康星州。）
Wisconsin	例句：Wisconsin has a rich history.（威斯康星州有丰富的历史。）
Wisconsin	例句：Wisconsin is known for its beautiful landscapes.（威斯康星州以其美丽的风景而闻名。）
Wyoming	例句：The wildlife in Wyoming is diverse.（怀俄明州的野生动物种类繁多。）
Wyoming	例句：We went on a road trip through Wyoming.（我们在怀俄明州进行了一次公路旅行。）
Wyoming	例句：Wyoming is known for its beautiful landscapes.（怀俄明州以其美丽的风景而闻名。）
Zeus	例句：The story of Zeus and his adventures is fascinating.（宙斯和他的冒险故事很迷人。）
Zeus	例句：Zeus ruled over the other gods and goddesses.（宙斯统治着其他的神和女神。）
Zeus	例句：Zeus was the most powerful god in Greek mythology.（宙斯是希腊神话中最强大的神。）
absurd	例句：His idea was absurd.（他的想法很荒谬。）
absurd	例句：It's absurd to think that way.（那样想是不合理的。）
absurd	例句：The situation is absurd.（这种情况很荒谬。）
alias	例句：He goes by the alias "The Shadow".（他的别名是 “影子”。）
alias	例句：The book was written by John Smith alias Mark Johnson.（这本书是约翰?史密斯，又名马克?约翰逊写的。）
alias	例句：The city is known as Paris alias the City of Lights.（这个城市以巴黎为名，亦称为 “光明之城”。）
also	例句：He likes music. Also, he plays the guitar.（他喜欢音乐。并且，他还弹吉他。）
also	例句：She is smart. Also, she is hardworking.（她很聪明。她也很努力。）
also	例句：The book is interesting. Also, it is educational.（这本书很有趣。同样，它有教育意义。）
an	例句：He is an artist.（他是一个艺术家。）
an	例句：She has an idea.（她有一个主意。）
an	例句：There is an apple on the table.（桌子上有一个苹果。）
anonym	例句：Anonyms often post comments online.（匿名者经常在网上发表评论。）
anonym	例句：The identity of the anonym remains unknown.（这个匿名者的身份仍然未知。）
anonym	例句：The letter was signed by an anonym.（这封信是由一个匿名者签署的。）
apropos	例句：Apropos of our discussion yesterday, I have some new ideas.（关于我们昨天的讨论，我有一些新的想法。）
apropos	例句：He spoke apropos of the situation.（他恰当地谈到了这种情况。）
apropos	例句：His comment was apropos.（他的评论很恰当。）
arm	例句：He held the book in his arm.（他把书夹在胳膊下。）
arm	例句：The country is increasing its military arms.（这个国家正在增加其军火。）
arm	例句：They armed themselves for the battle.（他们为战斗武装自己。）
arrogant	例句：Arrogant people are difficult to get along with.（傲慢的人很难相处。）
arrogant	例句：He is arrogant and thinks he is always right.（他很傲慢，认为自己总是对的。）
arrogant	例句：Her arrogant attitude annoys others.（她傲慢的态度惹恼了别人。）
bald	例句：He is completely bald.（他完全秃头了。）
bald	例句：Her hair started to bald.（她的头发开始变秃了。）
bald	例句：The mountain is bald.（这座山光秃秃的。）
bang	例句：He banged on the door.（他猛击门。）
bang	例句：The hammer banged against the metal.（锤子猛击金属。）
bang	例句：There was a loud bang.（有一声巨响。）
bitten	例句：He has been bitten by a mosquito.（他被蚊子咬了。）
bitten	例句：She was bitten by the dog.（她被狗咬了。）
bitten	例句：The apple was bitten into.（苹果被咬了一口。）
bitter	例句：He is bitter about his failure.（他对自己的失败充满仇恨。）
bitter	例句：She has a bitter experience.（她有一段痛苦的经历。）
bitter	例句：The coffee is bitter.（咖啡是苦的。）
blank	例句：Fill in the blanks on the form.（在表格的空白处填写。）
blank	例句：His face was blank.（他的脸毫无表情。）
blank	例句：The page is blank.（这一页是空白的。）
blind	例句：He is blind in one eye.（他一只眼睛失明了。）
blind	例句：She is blind to his faults.（她对他的错误视而不见。）
blind	例句：The blind man needs help crossing the street.（盲人需要帮助过马路。）
blond	例句：Blond people are often associated with beauty.（金发的人常常与美丽联系在一起。）
blond	例句：He is a blond man.（他是一个金发男子。）
blond	例句：She has blond hair.（她有一头金发。）
brave	例句：He is a brave man.（他是一个勇敢的人。）
brave	例句：She was brave enough to speak up.（她足够勇敢地大声说出来。）
brave	例句：They braved the storm to reach safety.（他们勇敢地面对暴风雨以到达安全地带。）
bravo	例句：Bravo for your courage and determination.（为你的勇气和决心喝彩。）
bravo	例句：He received a standing ovation and shouts of “Bravo!”（他获得了全场起立鼓掌和 “太棒了！” 的欢呼声。）
bravo	例句：“Bravo! That was an amazing performance.”（“好极了！那是一场精彩的表演。”）
brutal	例句：The attack was brutal.（这次攻击很残忍。）
brutal	例句：The brutal storm broke many trees outside.（猛烈的暴风雨刮断了外面很多树。）
brutal	例句：The weather was brutal.（天气很严酷。）
cool	例句：He remained cool in a crisis.（他在危机中保持冷静。）
cool	例句：That's a cool idea.（那是个很棒的主意。）
cool	例句：The weather is cool today.（今天天气很凉爽。）
dick	例句：Don't use that kind of language. It's inappropriate to mention a dick casually.（不要用那种语言。随便提及 “阴茎” 是不适当的。）
dick	例句：He's a funny dick.（他是个有趣的家伙。）
dick	例句：The private dick was hired to solve the mystery.（那个私家侦探被雇来解开谜团。）
die	例句：He will die one day.（他总有一天会死去。）
die	例句：The fire died down.（火渐渐熄灭了。）
die	例句：The hope died in her heart.（希望在她心中消失了。）
diverse	例句：The city has a diverse population.（这个城市有多样化的人口。）
diverse	例句：The museum has a diverse collection.（博物馆有各种各样的藏品。）
diverse	例句：There are diverse opinions on this issue.（在这个问题上有不同的观点。）
eh	例句：“That's a good idea, eh?”（“那是个好主意，是吗？”）
eh	例句：“What did you say?” “Eh?”（“你说什么？”“什么？”）
eh	例句：“You like it?” “Eh, not really.”（“你喜欢它吗？”“嗯，不太喜欢。”）
elegant	例句：His handwriting is elegant.（他的笔迹很优雅。）
elegant	例句：She wore an elegant dress.（她穿着一件优雅的连衣裙。）
elegant	例句：The hotel is elegant and luxurious.（这家酒店优雅而豪华。）
elf	例句：An elf is a small and magical fairy in stories.（精灵是故事里小巧神奇的小仙子。）
elf	例句：He looks like an elf with his pointy ears.（他长着尖尖的耳朵，看起来像个小精灵。）
elf	例句：The elf played tricks on the people.（那个淘气鬼捉弄了人们。）
emotional	例句：Emotional support is important in difficult times.（在困难时期，情感支持很重要。）
emotional	例句：She is an emotional person.（她是一个情绪化的人。）
emotional	例句：The movie was very emotional.（这部电影非常感人。）
extra	例句：He took an extra sandwich just in case.（他多拿了一个三明治以防万一。）
extra	例句：There are extra charges for shipping.（运费有额外的费用。）
extra	例句：We need extra time to finish the project.（我们需要额外的时间来完成这个项目。）
fair	例句：It's a fair price.（这是一个合理的价格。）
fair	例句：She is a fair maiden.（她是一位美丽的少女。）
fair	例句：The competition was fair.（这场比赛是公平的。）
fallen	例句：Fallen leaves covered the ground.（落叶覆盖了地面。）
fallen	例句：He is a fallen hero.（他是一个堕落的英雄。）
fallen	例句：The fallen tree blocked the road.（倒下的树挡住了路。）
falls	例句：Autumn comes and the weather falls quickly.（秋天来了，气温下降很快。）
falls	例句：The Niagara Falls is a famous tourist attraction.（尼亚加拉瀑布是一个著名的旅游景点。）
falls	例句：The temperature falls at night.（晚上温度下降。）
fast	例句：He is a fast runner.（他是个跑得快的人。）
fast	例句：She held him fast.（她紧紧地抓住他。）
fast	例句：The car is very fast.（这辆车很快。）
fern	例句：Fern is a common plant in the woods.（蕨类植物是树林中常见的植物。）
fern	例句：He identified the fern as a rare species.（他认出这种蕨类植物是一个稀有品种。）
fern	例句：The fern grew in a shady corner.（蕨类植物生长在一个阴暗的角落里。）
fest	例句：The fest was a great success.（这个集会非常成功。）
fest	例句：There are many fests throughout the year.（一年中有很多节日和集会。）
fest	例句：They attended the music fest.（他们参加了音乐节。）
fit	例句：He is fit and active.（他身体健康且活跃。）
fit	例句：The key fits the lock.（钥匙适合锁。）
fit	例句：This dress is a perfect fit.（这件衣服非常合身。）
fix	例句：He fixed the broken chair.（他修理了坏椅子。）
fix	例句：We need to find a fix for this problem.（我们需要找到这个问题的解决方法。）
fix	例句：What are some common fixes for computer problems?（电脑问题的一些常见解决方法有哪些？）
fort	例句：The old fort is a popular tourist attraction.（这座古老的堡垒是一个受欢迎的旅游景点。）
fort	例句：The soldiers took refuge in the fort.（士兵们在堡垒中避难。）
fort	例句：They built a fort to defend the city.（他们建造了一座堡垒来保卫城市。）
gar	例句：Gars have long bodies and sharp teeth.（雀鳝有长长的身体和锋利的牙齿。）
gar	例句：The gar is a primitive fish.（雀鳝是一种原始的鱼。）
gar	例句：We saw a gar in the river.（我们在河里看到了一条雀鳝。）
genial	例句：His genial smile lit up the room.（他亲切的笑容照亮了房间。）
genial	例句：The genial host made everyone feel welcome.（亲切的主人让每个人都感到受欢迎。）
genial	例句：The weather was genial and perfect for a picnic.（天气温暖宜人，非常适合野餐。）
global	例句：Global cooperation is essential.（全球合作是必要的。）
global	例句：The company has a global presence.（这家公司在全球都有业务。）
global	例句：We need to address global issues.（我们需要解决全球问题。）
gratis	例句：He gave the book away gratis.（他免费送了这本书。）
gratis	例句：The service is provided gratis.（这项服务是免费提供的。）
gratis	例句：They received treatment gratis.（他们免费接受了治疗。）
gut	例句：He has the guts to stand up for what he believes in.（他有勇气为自己的信仰挺身而出。）
gut	例句：She had a gut feeling that something was wrong.（她有一种直觉，觉得有什么不对劲。）
gut	例句：The fish was gutted and cleaned.（这条鱼被取出内脏并清洗干净。）
hallo	例句：Hallo! Can you hear me?（喂！你能听到我吗？）
hallo	例句：Hallo! Who's there?（喂！谁在那儿？）
hallo	例句：He shouted, “Hallo!” to get their attention.（他大喊 “嘿！” 以引起他们的注意。）
halt	例句：The army's advance was brought to a halt by the enemy.（军队的前进被敌人阻止了。）
halt	例句：The train came to a halt at the station.（火车在车站停了下来。）
halt	例句：They ordered a halt to the construction work.（他们下令停止施工。）
hell	例句：He believed that sinners would go to hell.（他相信罪人会下地狱。）
hell	例句：She went through hell during that difficult time.（在那段艰难的时期，她经历了苦难。）
hell	例句：This place is a hell on earth.（这个地方简直是人间地狱。）
her	例句：He loves her.（他爱她。）
her	例句：I gave her a gift.（我给了她一个礼物。）
her	例句：This is her book.（这是她的书。）
herb	例句：He knows a lot about different herbs.（他对不同的草药很了解。）
herb	例句：She grows various herbs in her garden.（她在她的花园里种了各种草药。）
herb	例句：The soup is flavored with herbs.（这汤用香草调味。）
herein	例句：Herein lies the problem.（问题就在这里。）
herein	例句：The details are herein provided.（详情在此提供。）
herein	例句：The solution can be found herein.（解决方案可以在此找到。）
hip	例句：He injured his hip.（他伤到了髋部。）
hip	例句：She has a wide hip.（她的臀部很宽。）
hip	例句：The dancer moved her hips gracefully.（这位舞者优雅地摆动着臀部。）
hold	例句：He holds a book in his hand.（他手里拿着一本书。）
hold	例句：Hold on tight!（紧紧抓住！）
hold	例句：We need to hold a meeting.（我们需要举行一个会议。）
illegal	例句：His actions are illegal.（他的行为是违法的。）
illegal	例句：It is illegal to drive without a license.（无证驾驶是违法的。）
illegal	例句：It is illegal to park here.（在这里停车是非法的。）
in	例句：He is in the room.（他在房间里。）
in	例句：She will come in five minutes.（她五分钟后到。）
in	例句：The book is in English.（这本书是英文的。）
intelligent	例句：He made an intelligent choice.（他做了一个明智的选择。）
intelligent	例句：She is an intelligent woman.（她是一个聪明的女人。）
intelligent	例句：This computer is very intelligent.（这台电脑非常智能。）
international	例句：He is involved in international affairs.（他参与国际事务。）
international	例句：The Olympics is an international sporting event.（奥运会是一项国际体育赛事。）
international	例句：The international conference was a great success.（这次国际会议非常成功。）
interne	例句：She is an interne at the hospital.（她是这家医院的一名实习医生。）
interne	例句：The interne is learning under the supervision of experienced doctors.（这个实习医生在有经验的医生的监督下学习。）
interne	例句：The interne program provides valuable experience.（实习医生项目提供了宝贵的经验。）
laden	例句：Her heart was laden with sorrow after hearing the bad news.（听到这个坏消息后，她心情沉重。）
laden	例句：His heart was laden with sorrow.（他的心中充满了悲伤。）
laden	例句：She was laden with responsibilities.（她肩负着许多责任。）
laden	例句：The trees were laden with ripe fruits, ready to be harvested.（树上挂满了成熟的果实，准备采摘。）
laden	例句：The truck was laden with goods.（卡车装满了货物。）
laden	例句：The truck was laden with heavy goods, making its way slowly on the road.（卡车满载着沉重的货物，在路上缓缓行驶。）
laden	例句：The truck was laden with heavy goods, moving slowly on the road.（卡车满载着沉重的货物，在路上缓慢行驶。）
leer	例句：He gave her a leer.（他不怀好意地看了她一眼。）
leer	例句：She noticed his leer.（她注意到了他不怀好意的目光。）
leer	例句：The man was leering at the women.（那个男人斜视着女人们。）
legal	例句：He is seeking legal advice.（他正在寻求法律建议。）
legal	例句：The action is legal.（这个行为是合法的。）
legal	例句：The company must comply with legal requirements.（公司必须遵守法律要求。）
linker	例句：A good linker is essential for software development.（一个好的链接器对于软件开发是必不可少的。）
linker	例句：The linker connects different parts of a program.（链接器连接程序的不同部分。）
linker	例句：The linker resolved the references between modules.（链接器解决了模块之间的引用问题。）
links	例句：He is trying to establish links with other businesses.（他正在努力与其他企业建立联系。）
links	例句：The links between the two events are not obvious.（这两个事件之间的联系并不明显。）
links	例句：They played golf on the links.（他们在高尔夫球场上打高尔夫球。）
locker	例句：He stored his jacket in the locker.（他把夹克放在储物柜里。）
locker	例句：The locker is too small for all my stuff.（这个储物柜对我所有的东西来说太小了。）
locker	例句：The school provides lockers for students.（学校为学生提供储物柜。）
man	例句：He is a strong man.（他是一个强壮的男人。）
man	例句：Man has the ability to think and create.（人类有思考和创造的能力。）
man	例句：The ship was manned by a crew of experienced sailors.（这艘船由一组有经验的水手配备人员。）
maximal	例句：He achieved maximal results.（他取得了最大的成果。）
maximal	例句：Maximal effort is required for success.（成功需要最大的努力。）
maximal	例句：The maximal capacity of the container is 10 liters.（这个容器的最大容量是 10 升。）
mitten	例句：She knitted a mitten for her child.（她为她的孩子织了一只连指手套。）
mitten	例句：The mitten has a cute design.（这只连指手套有一个可爱的设计。）
mitten	例句：This mitten is too small.（这只连指手套太小了。）
mobile	例句：He has a mobile phone.（他有一部手机。）
mobile	例句：She is a mobile worker who travels a lot.（她是一个经常旅行的流动工作者。）
mobile	例句：The mobile library visits different neighborhoods.（流动图书馆访问不同的社区。）
modern	例句：He is a modern thinker.（他是一个有思想的现代人。）
modern	例句：Modern technology is amazing.（现代技术令人惊叹。）
modern	例句：She has a modern lifestyle.（她有一种现代的生活方式。）
nah	例句：He asked if she was ready. “Nah, not yet.”（他问她是否准备好了。“不，还没有。”）
nah	例句：Nah, I don't think that's a good idea.（不，我不认为那是个好主意。）
nah	例句：“Do you want to go?” “Nah, I'm tired.”（“你想去吗？”“不，我累了。”）
negative	例句：His attitude is very negative.（他的态度很消极。）
negative	例句：She gave a negative answer to the question.（她对这个问题给出了否定的答案。）
negative	例句：The news had a negative impact on her mood.（这个消息对她的情绪有负面影响。）
neutral	例句：He remained neutral in the argument.（他在争论中保持中立。）
neutral	例句：The car is in neutral.（汽车处于空挡。）
neutral	例句：The color is neutral and goes with everything.（这个颜色是中性的，和什么都搭配。）
nix	例句：He nixed her idea.（他否定了她的想法。）
nix	例句：Nixing a proposal can be disappointing.（拒绝一个提议可能会让人失望。）
nix	例句：She nixed his request.（她拒绝了他的请求。）
normal	例句：His temperature is normal.（他的体温正常。）
normal	例句：The situation is back to normal.（情况恢复正常。）
normal	例句：This is a normal reaction.（这是一种正常的反应。）
null	例句：His argument was null.（他的论点毫无价值。）
null	例句：The contract is null and void.（这份合同无效。）
null	例句：The result is null.（结果为零。）
nun	例句：The nun dedicated her life to serving others.（这位修女把她的一生奉献给了为他人服务。）
nun	例句：The nun's habit is white.（修女的长袍是白色的。）
nun	例句：There are many nuns in the convent.（修道院里有很多修女。）
offensive	例句：His remarks were offensive to many people.（他的话冒犯了很多人。）
offensive	例句：She found his behavior offensive.（她觉得他的行为很冒犯。）
offensive	例句：The team launched an offensive to win the game.（球队发起进攻以赢得比赛。）
offline	例句：He works offline when there is no internet connection.（没有网络连接时，他离线工作。）
offline	例句：The computer is offline.（这台电脑离线了。）
offline	例句：The game can be played offline.（这个游戏可以离线玩。）
oft	例句：He oft goes to the park.（他常常去公园。）
oft	例句：Oft have I seen her there.（我常常在那里看到她。）
oft	例句：Oft times we forget what's important.（我们常常忘记什么是重要的。）
okay	例句：He did an okay job.（他做得还可以。）
okay	例句：Is it okay if I come over?（我过来可以吗？）
okay	例句：She okayed the plan.（她批准了这个计划。）
online	例句：Online banking is convenient.（网上银行很方便。）
online	例句：She does her shopping online.（她在网上购物。）
online	例句：The course is offered online.（这门课程是在线提供的。）
paranoid	例句：He feels paranoid and thinks others are watching him.（他有点多疑，觉得别人都在看他。）
paranoid	例句：He is paranoid about his safety.（他对自己的安全很偏执。）
paranoid	例句：The paranoid patient needs help.（这个偏执的病人需要帮助。）
pardon	例句：He asked for her pardon.（他请求她的原谅。）
pardon	例句：Pardon me for interrupting.（请原谅我打断一下。）
pardon	例句：The president granted a pardon to the prisoner.（总统赦免了这个囚犯。）
per	例句：The car can travel 100 kilometers per hour.（这辆车每小时能行驶 100 公里。）
per	例句：The report is sent per email.（这份报告是通过电子邮件发送的。）
per	例句：We pay five dollars per person.（我们每人付五美元。）
piano	例句：He bought a new piano.（他买了一架新钢琴。）
piano	例句：She plays the piano beautifully.（她弹钢琴弹得很优美。）
piano	例句：The piano is a versatile instrument.（钢琴是一种多功能的乐器。）
pink	例句：He gave her a pink rose.（他给了她一朵粉红色的玫瑰。）
pink	例句：She wore a pink dress.（她穿了一件粉红色的连衣裙。）
pink	例句：The flowers are pink.（这些花是粉红色的。）
plus	例句：The hotel room has a balcony plus a beautiful view.（酒店房间有一个阳台加上美丽的景色。）
plus	例句：The plus side of this plan is its flexibility.（这个计划的优势是它的灵活性。）
plus	例句：Two plus three is five.（二加三等于五。）
positive	例句：She has a positive attitude towards life.（她对生活有积极的态度。）
positive	例句：The test result was positive.（测试结果是阳性的。）
positive	例句：We need to focus on the positive aspects of the situation.（我们需要关注情况的积极方面。）
prima	例句：He was prima among the candidates.（他在候选人中是最优秀的。）
prima	例句：She is prima donna of the opera.（她是歌剧界的首席女高音。）
prima	例句：The prima task is to finish the project on time.（首要任务是按时完成这个项目。）
pro	例句：He is a pro in his field.（他是他领域里的专业人士。）
pro	例句：I am pro this proposal.（我赞成这个提议。）
pro	例句：She plays tennis like a pro.（她打网球像个专业选手。）
quasi	例句：He has a quasi-official position.（他有一个准官方的职位。）
quasi	例句：The organization has a quasi-governmental status.（这个组织有一个半政府的地位。）
quasi	例句：This is a quasi-scientific theory.（这是一个半科学的理论。）
ran	例句：He ran a successful business.（他经营着一家成功的企业。）
ran	例句：She ran to catch the train.（她跑去赶火车。）
ran	例句：They ran the project smoothly.（他们顺利地管理着这个项目。）
raven	例句：He is a raven of opportunity.（他是一个机会掠夺者。）
raven	例句：The raven ate the carrion.（渡鸦吃腐肉。）
raven	例句：The raven is a clever bird.（渡鸦是一种聪明的鸟。）
real	例句：His love is real.（他的爱是真实的。）
real	例句：This is a real diamond.（这是一颗真正的钻石。）
real	例句：We need to face the real problems.（我们需要面对实际问题。）
rein	例句：He held the reins tightly.（他紧紧地握住缰绳。）
rein	例句：She reined in her emotions.（她控制住自己的情绪。）
rein	例句：The government needs to rein in inflation.（政府需要控制通货膨胀。）
rot	例句：Fallen fruits rot on the ground and become soil.（掉落的水果在地上腐烂变成泥土。）
rot	例句：Rot can spread quickly.（腐烂可以迅速蔓延。）
rot	例句：The fruit has started to rot.（水果开始腐烂了。）
rum	例句：He likes to drink rum.（他喜欢喝朗姆酒。）
rum	例句：The old house had a rum smell.（那座老房子有一股奇特的气味。）
rum	例句：There was a rum noise coming from the attic.（阁楼里传来一种古怪的声音。）
sentimental	例句：He has a sentimental attachment to his old home.（他对他的旧家有一种感情上的依恋。）
sentimental	例句：She is a sentimental person.（她是一个多愁善感的人。）
sentimental	例句：The movie is too sentimental.（这部电影太感伤了。）
sexy	例句：He finds her sexy and intelligent.（他觉得她既性感又聪明。）
sexy	例句：She looks very sexy in that dress.（她穿那件衣服很性感。）
sexy	例句：The movie has some sexy scenes.（这部电影有一些性感的场景。）
so	例句：He is so kind.（他非常善良。）
so	例句：I think so.（我也这么认为。）
so	例句：It is so hot today.（今天这么热。）
stark	例句：The contrast is stark.（对比是完全的。）
stark	例句：The landscape is stark and beautiful.（这片风景荒凉而美丽。）
stark	例句：The truth is sometimes stark.（真相有时是严酷的。）
still	例句：He is still working.（他还在工作。）
still	例句：Please keep still when the teacher takes photos.（老师拍照时请保持不动。）
still	例句：The water is still.（水是静止的。）
super	例句：He is a super athlete.（他是一个超级运动员。）
super	例句：The movie was super.（这部电影极好。）
super	例句：The party was super fun.（这个聚会超级有趣。）
toll	例句：The church bells tolled for the funeral.（教堂的钟声为葬礼敲响。）
toll	例句：The toll on the bridge is expensive.（桥上的通行费很贵。）
toll	例句：The war took a heavy toll on the country.（战争给这个国家带来了沉重的伤亡。）
tot	例句：The bill tots up to $50.（账单总计达 50 美元。）
tot	例句：The tot is playing with toys.（小孩在玩玩具。）
tot	例句：There is only a tot of milk left.（只剩下一点点牛奶了。）
total	例句：She added up all the numbers to get the total.（她把所有数字加起来得出总数。）
total	例句：The total cost of the project is estimated to be around one million dollars.（该项目的总成本估计约为一百万美元。）
total	例句：What's the total number of students in this school?（这所学校的学生总数是多少？）
tun	例句：The brewery has several large tuns.（啤酒厂有几个大酒桶。）
tun	例句：The tun is made of oak.（这个酒桶是橡木做的。）
tun	例句：The wine is stored in a tun.（葡萄酒储存在一个酒桶里。）
um	例句：He said, “Um...” when he was thinking.（他在思考时说：“呃……”）
um	例句：Um, I'm not sure.（嗯，我不确定。）
um	例句：Um, let me think about it.（嗯，让我考虑一下。）
uncool	例句：Don't be uncool and follow the trends.（不要不时髦，要跟上潮流。）
uncool	例句：His behavior was uncool.（他的行为不酷。）
uncool	例句：Wearing that outfit is uncool.（穿那套衣服不时髦。）
unfair	例句：The competition is unfair.（这场比赛不公平。）
unfair	例句：The decision is unfair.（这个决定不公平。）
unfair	例句：The rule seems unfair to some students.（这条规定对一些学生看起来不公平。）
verboten	例句：Certain activities are verboten during the exam.（在考试期间某些活动是不被允许的。）
verboten	例句：Smoking is verboten in this building.（在这栋楼里吸烟是禁止的。）
verboten	例句：Wearing shorts is verboten in this formal event.（在这个正式活动中穿短裤是禁止的。）
warm	例句：She has a warm smile.（她有一个温暖的微笑。）
warm	例句：The blanket keeps me warm.（这条毯子让我暖和。）
warm	例句：The room is warm and inviting.（房间温暖而诱人。）
was	例句：He was happy yesterday.（他昨天很开心。）
was	例句：She was a teacher.（她曾经是一名老师。）
was	例句：The book was on the table.（书在桌子上。）
wider	例句：His interests are wider than before.（他的兴趣比以前更广泛了。）
wider	例句：The discussion covered a wider range of topics.（这次讨论涵盖了更广泛的话题。）
wider	例句：We need a wider road.（我们需要一条更宽的路。）
wiener	例句：He ate a wiener for lunch.（他午餐吃了一个热狗。）
wiener	例句：She made homemade wieners.（她做了自制的维也纳香肠。）
wiener	例句：Wieners are popular at baseball games.（热狗在棒球比赛中很受欢迎。）
wild	例句：He has a wild temper.（他脾气很野蛮。）
wild	例句：She is wild about music.（她对音乐很狂热。）
wild	例句：The wild flowers are beautiful.（野花很漂亮。）
