一擔擔	[jat1 daam1 daam1]		[jat1 daam1 daam1] 半斤八两，彼此差不多（多含贬义）〈熟语〉
一陣	[jat1 zan6]		[jat1 zan6] 一会儿，一阵子〈名/副〉
一頭霧水	[jat1 tau4 mou6 seoi2]		[jat1 tau4 mou6 seoi2] 一头雾水，摸不着头脑，完全困惑〈形〉
一齊	[jat1 cai4]		[jat1 cai4] 一起，一同〈副〉
七國咁亂	[cat1 gwok3 gam3 lyun6]		[cat1 gwok3 gam3 lyun6] 乱七八糟，像战国七雄一样极其混乱〈熟语〉
上車	[soeng5 ce1]		[soeng5 ce1] 上车〈动〉
下晝	[haa6 zau3]		[haa6 zau3] 下午〈名〉
乾炒牛河	[gon1 caau2 ngau4 ho2]		[gon1 caau2 ngau4 ho2] 干炒牛河（考验粤菜厨师镬气的经典炒河粉）〈名〉
亂龍	[lyun6 lung4]		[lyun6 lung4] 乱套，混乱，杂乱无章〈形/动〉
人哋	[jan4 dei6]		[jan4 dei6] 人家，别人〈代〉
人工	[jan4 gung1]		[jan4 gung1] 工资，薪金，薪水〈名〉
今日	[gam1 jat6]		[gam1 jat6] 今天〈名〉
仲	[zung6]		[zung6] 还，依然，更加〈副〉
伙計	[fo2 gei3]		[fo2 gei3] 服务员，店员，伙计〈名〉
但係	[daan6 hai6]		[daan6 hai6] 但是，可是，不过〈连〉
你	[nei5]		[nei5] 你〈代〉
你哋	[nei5 dei6]		[nei5 dei6] 你们〈代〉
佢	[keoi5]		[keoi5] 他，她，它〈代〉
佢哋	[keoi5 dei6]		[keoi5 dei6] 他们，她们，它们〈代〉
係	[hai6]		[hai6] 是〈动〉
保重	[bou2 zung6]		[bou2 zung6] 保重（多用于叮嘱病患或离别祝福）〈动〉
借錢	[ze3 cin2]		[ze3 cin2] 借钱〈动〉
傷心	[soeng1 sam1]		[soeng1 sam1] 伤心，悲痛〈形〉
傾偈	[king1 gai2]		[king1 gai2] 聊天，谈天〈动〉
充電	[cung1 din6]		[cung1 din6] 充电〈动〉
先	[sin1]		[sin1] 先，才，方〈副/助〉
先生	[sin1 saang1]		[sin1 saang1] 先生，老师，丈夫〈名〉
入味	[jap6 mei6]		[jap6 mei6] 入味，调味充分渗透〈形〉
八達通	[baat3 daat6 tung1]		[baat3 daat6 tung1] 八达通（交通卡）〈名〉
其實	[kei4 sat6]		[kei4 sat6] 其实，实际上〈副〉
冇	[mou5]		[mou5] 没有，无〈动〉
冇厘頭	[mou5 lei4 tau4]		[mou5 lei4 tau4] 无厘头，莫名其妙，无缘无故〈形〉
冷氣	[laang5 hei3]		[laang5 hei3] 空调，冷气〈名〉
凍	[dung3]		[dung3] 冷，冰冷，寒凉〈形〉
凍檸茶	[dung3 ning4 caa4]		[dung3 ning4 caa4] 冰柠檬茶〈名〉
出太陽	[ceot1 taai3 joeng4]		[ceot1 taai3 joeng4] 出太阳，晴天〈动〉
出差	[ceot1 caai1]		[ceot1 caai1] 出差〈动〉
出糧	[ceot1 loeng4]		[ceot1 loeng4] 发薪水，发工资〈动〉
刷牙	[caat3 ngaa4]		[caat3 ngaa4] 刷牙〈动〉
前日	[cin4 jat6]		[cin4 jat6] 前天〈名〉
升職	[sing1 zik1]		[sing1 zik1] 升职，晋升〈动〉
卸膊	[se3 bok3]		[se3 bok3] 推卸责任，甩锅，推委责任〈动〉
叉燒包	[caa1 siu1 baau1]		[caa1 siu1 baau1] 叉烧包〈名〉
叮叮車	[ding1 ding1 ce1]		[ding1 ding1 ce1] 叮叮车（香港岛双层有轨电车）〈名〉
可以	[ho2 ji5]		[ho2 ji5] 可以，能够〈能愿〉
合約	[hap6 joek3]		[hap6 joek3] 合同，契约〈名〉
同埋	[tung4 maai4]		[tung4 maai4] 和，以及，还有〈连〉
吹水	[ceoi1 seoi2]		[ceoi1 seoi2] 闲聊，侃大山，说大话〈动〉
呢個	[ni1 go3]		[ni1 go3] 这个〈代〉
呢度	[ni1 dou6]		[ni1 dou6] 这里，这儿〈代〉
咗	[zo2]		[zo2] 了（动态助词，表示动作完成）〈助〉
咩	[me1]		[me1] 什么〈代〉
咪	[mai5]		[mai5] 别，不要；不就是〈副〉
唔使	[m4 sai2]		[m4 sai2] 不用，不必〈能愿〉
唔係	[m4 hai6]		[m4 hai6] 不是〈动〉
唔好	[m4 hou2]		[m4 hou2] 不好，不要，别〈副/形〉
唔好意思	[m4 hou2 ji3 si3]		[m4 hou2 ji3 si3] 不好意思，抱歉，打扰一下〈短语〉
唔得	[m4 dak1]		[m4 dak1] 不行，不可以〈动〉
唔忿氣	[m4 fan5 hei3]		[m4 fan5 hei3] 不服气，心有不甘〈形/动〉
唔緊要	[m4 gan2 jiu3]		[m4 gan2 jiu3] 没关系，不打紧，不要紧〈短语〉
唔該	[m4 goi1]		[m4 goi1] 劳驾，麻烦，谢谢（用于请托人或接受轻微帮助）〈叹/副〉
唔通	[m4 tung1]		[m4 tung1] 难道，莫非〈副〉
商場	[soeng1 coeng4]		[soeng1 coeng4] 购物商场〈名〉
問路	[man6 lou6]		[man6 lou6] 问路〈动〉
啖	[daam6]		[daam6] 口（量词，用于饮、食的一口）〈量〉
啫	[ze1]		[ze1] 而已，罢了（语气助词，表不过如此）〈助〉
啱	[ngaam1]		[ngaam1] 对，正确，刚好，刚刚〈形/副〉
啱啱	[ngaam1 ngaam1]		[ngaam1 ngaam1] 刚刚，刚才〈副〉
喎	[wo3]		[wo3] 啊，据说（转述或提醒语气）〈助〉
單據	[daan1 geoi3]		[daan1 geoi3] 单据，发票，凭证〈名〉
喺	[hai2]		[hai2] 在（某处），位于〈动/介〉
嗰個	[go2 go3]		[go2 go3] 那个〈代〉
嗰度	[go2 dou6]		[go2 dou6] 那里，那儿〈代〉
嘈	[cou4]		[cou4] 吵闹，喧闹，喧哗〈形/动〉
嘢	[je5]		[je5] 东西，事物〈名〉
嚿	[gau6]		[gau6] 块（量词，用于块状物）〈量〉
因為	[jan1 wai6]		[jan1 wai6] 因为〈连〉
地鐵	[dei6 tit3]		[dei6 tit3] 地铁〈名〉
埋	[maai4]		[maai4] 连同，全部一起；靠拢〈助/动〉
埋單	[maai4 daan1]		[maai4 daan1] 结账，买单〈动〉
執生	[zap1 saang1]		[zap1 saang1] 随机应变，看情况见机行事〈动〉
執笠	[zap1 lap1]		[zap1 lap1] 倒闭，关门大吉，破产结业〈动〉
塞車	[sak1 ce1]		[sak1 ce1] 堵车，交通拥堵〈动〉
增值	[zang1 zik6]		[zang1 zik6] 充值（卡内储值）〈动〉
多	[do1]		[do1] 多〈形/数〉
多謝	[do1 ze6]		[do1 ze6] 多谢，感谢（用于接收礼物、款待或厚意）〈动/叹〉
夜	[je6]		[je6] 晚，迟，夜晚〈形/名〉
夜晚	[je6 maan5]		[je6 maan5] 晚上，夜晚〈名〉
大	[daai6]		[daai6] 大〈形〉
大件事	[daai6 gin6 si6]		[daai6 gin6 si6] 出大事了，严重的问题〈名/形〉
大客	[daai6 haak3]		[daai6 haak3] 大客户，重要客户〈名〉
大家	[daai6 gaa1]		[daai6 gaa1] 大家，各位〈代〉
大懵	[daai6 mung2]		[daai6 mung2] 粗心大意，健忘，糊里糊涂〈形〉
大排檔	[daai6 paai4 dong3]		[daai6 paai4 dong3] 大排档，露天排档〈名〉
天星小輪	[tin1 sing1 siu2 leon4]		[tin1 sing1 siu2 leon4] 天星小轮（维港标志性渡轮）〈名〉
天橋	[tin1 kiu4]		[tin1 kiu4] 人行天桥，过街立交桥〈名〉
奶茶	[naai5 caa4]		[naai5 caa4] 丝袜奶茶，港式奶茶〈名〉
好	[hou2]		[hou2] 好，非常，很〈形/副〉
好似	[hou2 ci5]		[hou2 ci5] 好像，似乎〈动/副〉
好彩	[hou2 coi2]		[hou2 coi2] 幸好，幸运，走运〈副/形〉
如果	[jyu4 gwo2]		[jyu4 gwo2] 如果，假如〈连〉
婆婆	[po4 po2]		[po4 po2] 外婆，姥姥；老奶奶〈名〉
孤寒	[gu1 hon4]		[gu1 hon4] 吝啬，小气〈形〉
孭鑊	[me1 wok6]		[me1 wok6] 背锅，承担责任，为过失买单〈动〉
定	[ding6]		[ding6] 预先，提前〈助/副〉
客氣	[haak3 hei3]		[haak3 hei3] 客气，礼貌谦逊〈形/动〉
宵夜	[siu1 je2]		[siu1 je2] 夜宵，宵夜〈名〉
寫字樓	[se2 zi6 lau4]		[se2 zi6 lau4] 写字楼，办公室〈名〉
小姐	[siu2 ze2]		[siu2 ze2] 小姐，女士〈名〉
少	[siu2]		[siu2] 少〈形/数〉
屋企	[uk1 kei2]		[uk1 kei2] 家里，家〈名〉
屋企人	[uk1 kei2 jan4]		[uk1 kei2 jan4] 家人，家里人〈名〉
巴士	[baa1 si2]		[baa1 si2] 公共汽车，公交车〈名〉
巴閉	[baa1 bai3]		[baa1 bai3] 了不起，嚣张，排场大（多含讽刺调侃）〈形〉
幫	[bong1]		[bong1] 帮助，替〈动/介〉
平	[peng4]		[peng4] 便宜，平价〈形〉
幾多	[gei2 do1]		[gei2 do1] 多少〈数/代〉
幾時	[gei2 si4]		[gei2 si4] 什么时候，何时〈名/代〉
後日	[hau6 jat6]		[hau6 jat6] 后天〈名〉
得	[dak1]		[dak1] 行，可以；得到〈动/助〉
得啖笑	[dak1 daam6 siu3]		[dak1 daam6 siu3] 惹人发笑，仅博一粲，荒谬可笑〈动/形〉
得閒	[dak1 haan4]		[dak1 haan4] 有空，闲暇〈形〉
心悒	[sam1 jap1]		[sam1 jap1] 心里难过，酸楚，揪心心疼〈形〉
心慌	[sam1 fong1]		[sam1 fong1] 心里发慌，恐慌不安〈形〉
心水	[sam1 seoi2]		[sam1 seoi2] 中意，喜爱，中意的选择〈名/形〉
心痛	[sam1 tung3]		[sam1 tung3] 心疼，惋惜伤心〈动/形〉
快	[faai3]		[faai3] 快，快速〈形/副〉
急	[gap1]		[gap1] 急，急切，着急〈形〉
感冒	[gam2 mou6]		[gam2 mou6] 感冒，患伤风〈名/动〉
慢	[maan6]		[maan6] 慢，缓慢〈形/副〉
慢慢行	[maan6 maan6 haang4]		[maan6 maan6 haang4] 慢走（送客礼貌用语）〈短语〉
慳	[haan1]		[haan1] 省，节省，节约〈动〉
憎	[zang1]		[zang1] 讨厌，厌恶，憎恨〈动〉
應酬	[jing3 cau4]		[jing3 cau4] 应酬，商务交际与聚餐〈动/名〉
我	[ngo5]		[ngo5] 我〈代〉
我哋	[ngo5 dei6]		[ngo5 dei6] 我们〈代〉
所以	[so2 ji5]		[so2 ji5] 所以，因此〈连〉
手信	[sau2 seon3]		[sau2 seon3] 伴手礼，特产礼物，纪念品〈名〉
手足	[sau2 zuk1]		[sau2 zuk1] 手足，兄弟，同伴〈名〉
手頭緊	[sau2 tau4 gan2]		[sau2 tau4 gan2] 手头紧，资金周转拮据〈形〉
打包	[daa2 baau1]		[daa2 baau1] 打包（吃不完带走）〈动〉
打工仔	[daa2 gung1 zai2]		[daa2 gung1 zai2] 打工者，上班族〈名〉
打蛇隨棍上	[daa2 se4 ceoi4 gwan3 soeng5]		[daa2 se4 ceoi4 gwan3 soeng5] 顺水推舟，就坡下驴，借机顺势而为〈熟语〉
打風	[daa2 fung1]		[daa2 fung1] 刮台风，刮大风〈动〉
打骰	[daa2 sik1]		[daa2 sik1] 主持大局，掌管，拿主意〈动〉
托塔都掂	[tok3 taap3 dou1 dim6]		[tok3 taap3 dou1 dim6] 无论多难的事都能办成，绝对没问题〈熟语〉
扭計	[nau2 gai2]		[nau2 gai2] 耍脾气，闹别扭（多指小孩撒娇哭闹）〈动〉
扮嘢	[baan6 je5]		[baan6 je5] 装模作样，装蒜，耍花样〈动〉
扮豬食老虎	[baan6 zyu1 sik6 lou5 fu2]		[baan6 zyu1 sik6 lou5 fu2] 装傻充愣，故意示弱以麻痹对手暗中取胜〈熟语〉
扯貓尾	[ce2 maau1 mei5]		[ce2 maau1 mei5] 唱双簧，串通一气，暗中合谋互相掩护演戏〈熟语〉
找錢	[zaau2 cin2]		[zaau2 cin2] 找零钱〈动〉
抵	[dai2]		[dai2] 划算，值，合算〈形〉
抹窗	[maat3 coeng1]		[maat3 coeng1] 擦窗户〈动〉
拖地	[to1 dei6]		[to1 dei6] 拖地〈动〉
拖板	[to1 baan2]		[to1 baan2] 接线板，插线板，排插〈名〉
拜拜	[baai1 baai3]		[baai1 baai3] 再见，拜拜〈叹〉
掃地	[sou3 dei6]		[sou3 dei6] 扫地〈动〉
排骨	[paai4 gwat1]		[paai4 gwat1] 豉汁蒸排骨〈名〉
搏命	[bok3 meng6]		[bok3 meng6] 拼命，极度卖力，全力以赴〈动〉
搞	[gaau2]		[gaau2] 搞，弄，办〈动〉
搞掂	[gaau2 dim6]		[gaau2 dim6] 办妥，弄好，搞定〈动〉
搞生意	[gaau2 saang1 ji3]		[gaau2 saang1 ji3] 做生意，创业经商〈动〉
搭枱	[daap3 toi2]		[daap3 toi2] 拼桌，与陌生人共用一张桌子〈动〉
搭車	[daap3 ce1]		[daap3 ce1] 坐车，乘车〈动〉
搵	[wan2]		[wan2] 找，寻找，挣（钱）〈动〉
摺衫	[zip3 saam1]		[zip3 saam1] 叠衣服〈动〉
撐枱腳	[caang1 toi2 goek3]		[caang1 toi2 goek3] 二人共进晚餐（通常指情侣或夫妻共度浪漫晚餐）〈动〉
攞	[lo2]		[lo2] 拿，取〈动〉
攰	[gui6]		[gui6] 累，疲乏〈形〉
放學	[fong3 hok6]		[fong3 hok6] 放学〈动〉
放工	[fong3 gung1]		[fong3 gung1] 下班〈动〉
放心	[fong3 sam1]		[fong3 sam1] 放心〈动/形〉
放飛機	[fong3 fei1 gei1]		[fong3 fei1 gei1] 爽约，失约，放鸽子〈动〉
散紙	[saan2 zi2]		[saan2 zi2] 零钱，硬币〈名〉
整	[zing2]		[zing2] 做，弄，修，烹调〈动〉
斑馬線	[baan1 maa5 sin3]		[baan1 maa5 sin3] 斑马线，人行横道〈名〉
新鮮	[san1 sin1]		[san1 sin1] 新鲜〈形〉
早	[zou2]		[zou2] 早〈形/副〉
晒	[saai3]		[saai3] 全部，光，完（表示完全或极度）〈助〉
曬衫	[saai3 saam1]		[saai3 saam1] 晾衣服，晒衣服〈动〉
有	[jau5]		[jau5] 有，存在〈动〉
朋友	[pang4 jau5]		[pang4 jau5] 朋友〈名〉
朝早	[ziu1 zou2]		[ziu1 zou2] 早上，早晨〈名〉
梳化	[so1 faa2]		[so1 faa2] 沙发〈名〉
楊枝甘露	[joeng4 zi1 gam1 lou6]		[joeng4 zi1 gam1 lou6] 杨枝甘露（芒果西米柚子经典甜汤）〈名〉
樖	[po1]		[po1] 棵（量词，用于树木植物）〈量〉
樽	[zeon1]		[zeon1] 瓶（量词/名词，瓶子）〈量/名〉
機場	[gei1 coeng4]		[gei1 coeng4] 机场，航空港〈名〉
正	[zeng3]		[zeng3] 棒，正宗，极好〈形〉
死雞撐飯蓋	[sei2 gai1 caang1 faan6 goi3]		[sei2 gai1 caang1 faan6 goi3] 死不认错，铁证如山依然硬拗抵赖〈熟语〉
死頂	[sei2 ding2]		[sei2 ding2] 硬撑，咬牙坚持到底〈动〉
毫子	[hou4 zi2]		[hou4 zi2] 角，毛（一角钱硬币）〈量/名〉
水過鴨背	[seoi2 gwo3 aap3 bui3]		[seoi2 gwo3 aap3 bui3] 像水从鸭背流过一样毫无痕迹，转眼全忘光〈熟语〉
沖涼	[cung1 loeng4]		[cung1 loeng4] 洗澡，沐浴〈动〉
洗手	[sai2 sau2]		[sai2 sau2] 洗手〈动〉
洗衫	[sai2 saam1]		[sai2 saam1] 洗衣服〈动〉
洗面	[sai2 min6]		[sai2 min6] 洗脸〈动〉
涼茶	[loeng4 caa4]		[loeng4 caa4] 凉茶（广府草药降火饮品）〈名〉
添	[tim1]		[tim1] 还，再，连...也（表示递进或强调）〈助/副〉
滑蛋牛肉	[waat6 daan2 ngau4 juk6]		[waat6 daan2 ngau4 juk6] 滑蛋牛肉饭（经典茶餐厅碟头饭）〈名〉
激氣	[gik1 hei3]		[gik1 hei3] 气人，惹人生气〈动/形〉
濕熱	[sap1 jit6]		[sap1 jit6] 湿热（岭南气候特征）〈形〉
濕碎	[sap1 seoi3]		[sap1 seoi3] 琐碎，微不足道，小事一桩〈形〉
灼	[coek3]		[coek3] 白灼（沸水烫熟以保持食材鲜甜嫩滑）〈动〉
炒散	[caau2 saan2]		[caau2 saan2] 打零工，兼职，做兼职临时工〈动〉
炒魷魚	[caau2 jau4 jyu4]		[caau2 jau4 jyu4] 解雇，开除，卷铺盖走人〈动〉
焗	[guk6]		[guk6] 焗，烘焙（利用密封蒸汽或烤炉加热）〈动〉
無端端	[mou4 dyun1 dyun1]		[mou4 dyun1 dyun1] 无缘无故，平白无故〈副〉
煎釀三寶	[zin1 joeng6 saam1 bou2]		[zin1 joeng6 saam1 bou2] 煎酿三宝（酿鲮鱼肉馅的街头小吃）〈名〉
煲	[bou1]		[bou1] 煲，煮（用锅慢熬）；砂锅〈动/名〉
煲仔飯	[bou1 zai2 faan6]		[bou1 zai2 faan6] 煲仔饭〈名〉
熄	[sik1]		[sik1] 关掉，熄灭（灯、电器）〈动〉
熱	[jit6]		[jit6] 热，炎热〈形〉
熱氣	[jit6 hei3]		[jit6 hei3] 上火，燥热（因吃煎炸食品等引起）〈形/名〉
燉	[dan6]		[dan6] 隔水炖（保持原汁原味的烹饪法）〈动〉
燒味	[siu1 mei2]		[siu1 mei2] 烧味（烧鹅/叉烧/烧肉等）〈名〉
燒賣	[siu1 maai6]		[siu1 maai6] 干蒸烧卖〈名〉
燒鵝	[siu1 ngo4]		[siu1 ngo4] 烧鹅（皮脆肉嫩的经典广式烧味）〈名〉
爽脆	[song2 ceoi3]		[song2 ceoi3] 爽口脆嫩，口感鲜脆〈形〉
牙擦	[ngaa4 caat3]		[ngaa4 caat3] 嚣张，爱吹嘘，狂妄自大〈形〉
牛腩	[ngau4 naam5]		[ngau4 naam5] 牛腩（柱侯牛腩）〈名〉
牛頭唔對馬嘴	[ngau4 tau4 m4 deoi3 maa5 zeoi2]		[ngau4 tau4 m4 deoi3 maa5 zeoi2] 答非所问，前言不搭后语〈熟语〉
琴日	[kam4 jat6]		[kam4 jat6] 昨天〈名〉
生性	[saang1 sing3]		[saang1 sing3] 懂事，乖巧成器，体谅父母〈形〉
生果	[saang1 gwo2]		[saang1 gwo2] 水果〈名〉
生猛	[saang1 maang5]		[saang1 maang5] 活蹦乱跳，充满生机〈形〉
畀	[bei2]		[bei2] 给，被，让〈动/介〉
番梘	[faan1 gaan2]		[faan1 gaan2] 肥皂，香皂〈名〉
發燒	[faat3 siu1]		[faat3 siu1] 发烧，发热〈动〉
發老脾	[faat3 lou5 pei4]		[faat3 lou5 pei4] 发脾气，大动肝火〈动〉
發脾氣	[faat3 pei4 hei3]		[faat3 pei4 hei3] 发脾气，发火〈动〉
白切雞	[baak6 cit3 gai1]		[baak6 cit3 gai1] 白斩鸡，白切鸡〈名〉
百厭	[baak3 jim3]		[baak3 jim3] 调皮，淘气捣蛋〈形〉
的士	[dik1 si2]		[dik1 si2] 出租车，的士〈名〉
真係	[zan1 hai6]		[zan1 hai6] 真的，实在〈副〉
眼瞓	[ngaan5 fan3]		[ngaan5 fan3] 困倦，发困，打瞌睡〈形〉
着衫	[zoek3 saam1]		[zoek3 saam1] 穿衣服〈动〉
睇	[tai2]		[tai2] 看，瞧，观察〈动〉
睇醫生	[tai2 ji1 sang1]		[tai2 ji1 sang1] 看医生，就医门诊〈动〉
瞓覺	[fan3 gaau3]		[fan3 gaau3] 睡觉〈动〉
知	[zi1]		[zi1] 知道〈动〉
碗仔翅	[wun2 zai2 ci3]		[wun2 zai2 ci3] 碗仔翅（仿鱼翅街头羹汤小吃）〈名〉
碼頭	[maa5 tau4]		[maa5 tau4] 轮渡码头〈名〉
等	[dang2]		[dang2] 等，等待，让〈动〉
篤	[doek1]		[doek1] 坨，滩，堆；尽头〈量/名〉
簽單	[cim1 daan1]		[cim1 daan1] 签署合同/单据，刷卡签单，成交〈动〉
粒	[nap1]		[nap1] 颗，粒（量词，用于小圆物）〈量〉
糖水	[tong4 seoi2]		[tong4 seoi2] 糖水，广式传统甜品〈名〉
紅綠燈	[hung4 luk6 dang1]		[hung4 luk6 dang1] 交通信号灯，红绿灯〈名〉
紙巾	[zi2 gan1]		[zi2 gan1] 纸巾，餐巾纸〈名〉
細	[sai3]		[sai3] 小，年幼〈形〉
細佬	[sai3 lou2]		[sai3 lou2] 弟弟〈名〉
細妹	[sai3 mui2]		[sai3 mui2] 妹妹〈名〉
細路	[sai3 lou6]		[sai3 lou6] 小孩，儿童〈名〉
緊	[gan2]		[gan2] 着，正（动态助词，表示动作正在进行）〈助〉
縮沙	[suk1 saa1]		[suk1 saa1] 退缩，临阵退缩，反悔〈动〉
總之	[zung2 zi1]		[zung2 zi1] 总之，总而言之〈连/副〉
老母	[lou5 mou5]		[lou5 mou5] 妈妈，母亲（日常口语称呼）〈名〉
老火湯	[lou5 fo2 tong1]		[lou5 fo2 tong1] 老火靓汤，煲汤〈名〉
老竇	[lou5 dau6]		[lou5 dau6] 爸爸，父亲（口语称呼）〈名〉
老細	[lou5 sai3]		[lou5 sai3] 老板〈名〉
而家	[ji4 gaa1]		[ji4 gaa1] 现在，目前〈名/副〉
耐	[noi6]		[noi6] 久，时间长〈形〉
聽	[teng1]		[teng1] 听，聆听〈动〉
聽日	[ting1 jat6]		[ting1 jat6] 明天〈名〉
肉	[juk6]		[juk6] 肉类〈名〉
肉緊	[juk6 gan2]		[juk6 gan2] 紧张心焦，极度投入，激动用力〈形〉
肚	[tou5]		[tou5] 肚子，腹部〈名〉
肚痛	[tou5 tung3]		[tou5 tung3] 腹痛，肚子痛〈动/形〉
肚餓	[tou5 ngo6]		[tou5 ngo6] 肚子饿，饥饿〈形〉
背脊	[bui3 zek3]		[bui3 zek3] 后背，背部〈名〉
腸粉	[coeng2 fan2]		[coeng2 fan2] 肠粉（布拉肠/抽屉肠粉）〈名〉
膝頭哥	[sat1 tau4 go1]		[sat1 tau4 go1] 膝盖〈名〉
膠袋	[gaau1 doi2]		[gaau1 doi2] 塑料袋〈名〉
自己	[zi6 gei2]		[zi6 gei2] 自己〈代〉
花灑	[faa1 saa2]		[faa1 saa2] 花洒，淋浴喷头〈名〉
花紅	[faa1 hung4]		[faa1 hung4] 奖金，年终奖，业绩分红〈名〉
茶几	[caa4 gei1]		[caa4 gei1] 茶几〈名〉
茶走	[caa4 zau2]		[caa4 zau2] 茶走（奶茶改用炼奶代替淡奶与砂糖）〈名〉
茶餐廳	[caa4 caan1 teng1]		[caa4 caan1 teng1] 茶餐厅〈名〉
菠蘿包	[bo1 lo4 baau1]		[bo1 lo4 baau1] 菠萝包〈名〉
菠蘿油	[bo1 lo4 jau4]		[bo1 lo4 jau4] 菠萝油（热菠萝面包夹厚切冰牛油）〈名〉
落車	[lok6 ce1]		[lok6 ce1] 下车〈动〉
落雨	[lok6 jyu5]		[lok6 jyu5] 下雨〈动〉
蒸	[zing1]		[zing1] 清蒸（粤菜讲究清鲜脆嫩的核心手法）〈动〉
蚊	[man1]		[man1] 元，块（钱的单位）〈量〉
蛇王	[se4 wong4]		[se4 wong4] 上班偷懒，摸鱼；偷懒的人〈动/名〉
蛋撻	[daan6 taat1]		[daan6 taat1] 蛋挞（酥皮/牛油皮蛋挞）〈名〉
蝦餃	[haa1 gaau2]		[haa1 gaau2] 虾饺（粤式点心之王）〈名〉
蠢	[ceon2]		[ceon2] 笨，蠢，不聪明〈形〉
行	[haang4]		[haang4] 走，步行〈动〉
行街	[haang4 gaai1]		[haang4 gaai1] 逛街，散步购物〈动〉
行路	[haang4 lou6]		[haang4 lou6] 走路，步行〈动〉
街市	[gaai1 si5]		[gaai1 si5] 菜市场〈名〉
衣櫃	[ji1 gwai6]		[ji1 gwai6] 衣柜〈名〉
西多士	[sai1 do1 si2]		[sai1 do1 si2] 法兰西多士（油炸裹蛋液吐司配牛油与糖浆）〈名〉
見工	[gin3 gung1]		[gin3 gung1] 面试，求职应聘〈动〉
親	[can1]		[can1] 到，及（动作触及某结果，多表意外受损）〈助〉
試下	[si3 haa5]		[si3 haa5] 试一下，尝一下〈动〉
論盡	[leon6 zeon6]		[leon6 zeon6] 笨手笨脚，动作不灵活，笨拙〈形〉
諗	[nam2]		[nam2] 想，思考，以为〈动〉
講	[gong2]		[gong2] 说，讲〈动〉
講價	[gong2 gaa3]		[gong2 gaa3] 讨价还价，讲价〈动〉
講數	[gong2 sou3]		[gong2 sou3] 谈判，交涉，摆平纠纷〈动〉
識	[sik1]		[sik1] 认识，懂得，会〈动〉
貴	[gwai3]		[gwai3] 昂贵〈形〉
買	[maai5]		[maai5] 买，购买〈动〉
賣	[maai6]		[maai6] 卖，出售〈动〉
走數	[zau2 sou3]		[zau2 sou3] 欠债潜逃，赖账，爽约食言〈动〉
起身	[hei2 san1]		[hei2 san1] 起床，起立〈动〉
跑	[paau2]		[paau2] 跑，奔跑〈动〉
跳槽	[tiu3 cou4]		[tiu3 cou4] 跳槽，跳槽换工作〈动〉
車仔麵	[ce1 zai2 min6]		[ce1 zai2 min6] 车仔面（香港平民自选配料汤面）〈名〉
返	[faan1]		[faan1] 恢复，返回，重新回到原态〈助/动〉
返學	[faan1 hok6]		[faan1 hok6] 上学〈动〉
返屋企	[faan1 uk1 kei2]		[faan1 uk1 kei2] 回家〈动〉
返工	[faan1 gung1]		[faan1 gung1] 上班〈动〉
過	[gwo3]		[gwo3] 过（表示经历；超过；重新）〈助/动〉
過數	[gwo3 sou3]		[gwo3 sou3] 转账，银行汇款〈动〉
過橋抽板	[gwo3 kiu4 cau1 baan2]		[gwo3 kiu4 cau1 baan2] 过河拆桥，得到好处后就背弃帮助过自己的人〈熟语〉
過馬路	[gwo3 maa5 lou6]		[gwo3 maa5 lou6] 过马路〈动〉
遞信	[dai6 seon3]		[dai6 seon3] 递交辞职信，辞职〈动〉
遮	[ze1]		[ze1] 雨伞；遮挡〈名/动〉
邊個	[bin1 go3]		[bin1 go3] 谁，哪一个〈代〉
邊度	[bin1 dou6]		[bin1 dou6] 哪里，哪儿〈代〉
醒目	[seng2 muk6]		[seng2 muk6] 聪明伶俐，机灵敏锐〈形〉
銀包	[ngan4 baau1]		[ngan4 baau1] 钱包〈名〉
錯	[co3]		[co3] 错，错误〈形〉
鍾意	[zung1 ji3]		[zung1 ji3] 喜欢，喜爱，中意〈动〉
鎖匙	[so2 si4]		[so2 si4] 钥匙〈名〉
鑊氣	[wok6 hei3]		[wok6 hei3] 锅气（高温烈火炒菜产生的独特香气）〈名〉
閂	[saan1]		[saan1] 关，闭（门窗）〈动〉
閉翳	[bai3 ai3]		[bai3 ai3] 发愁，忧愁，心情烦闷不畅〈形〉
開	[hoi1]		[hoi1] 开，打开，开始〈动〉
開OT	[hoi1 ou1 ti1]		[hoi1 ou1 ti1] 加班（OT即Overtime）〈动〉
開心	[hoi1 sam1]		[hoi1 sam1] 开心，愉快〈形〉
開會	[hoi1 wui2]		[hoi1 wui2] 开会〈动〉
阿公	[aa3 gung1]		[aa3 gung1] 外公，姥爷〈名〉
阿哥	[aa3 go1]		[aa3 go1] 哥哥〈名〉
阿媽	[aa3 maa1]		[aa3 maa1] 妈妈〈名〉
阿嫂	[aa3 sou2]		[aa3 sou2] 嫂子〈名〉
阿嫲	[aa3 maa4]		[aa3 maa4] 奶奶，祖母〈名〉
阿爸	[aa3 baa1]		[aa3 baa1] 爸爸〈名〉
阿爺	[aa3 je4]		[aa3 je4] 爷爷，祖父〈名〉
陣	[zan6]		[zan6] 阵，一阵子（时间或风雨等）〈量/名〉
除衫	[ceoi4 saam1]		[ceoi4 saam1] 脱衣服〈动〉
隻	[zek3]		[zek3] 只（量词，用于动物、单只鞋袜手脚等）〈量〉
雙皮奶	[soeng1 pei4 naai5]		[soeng1 pei4 naai5] 双皮奶（顺德传统水牛奶甜品）〈名〉
雙糧	[soeng1 loeng4]		[soeng1 loeng4] 十三薪，年底双薪〈名〉
雞蛋仔	[gai1 daan6 zai2]		[gai1 daan6 zai2] 鸡蛋仔（著名香港街头烘焙小吃）〈名〉
離譜	[lei4 pou2]		[lei4 pou2] 离谱，过分，荒唐不合常理〈形〉
雪櫃	[syut3 gwai6]		[syut3 gwai6] 冰箱，电冰箱〈名〉
雲吞麵	[wan4 tan1 min6]		[wan4 tan1 min6] 馄饨面，云吞面〈名〉
電掣	[din6 zai3]		[din6 zai3] 开关，电源插座〈名〉
電視	[din6 si6]		[din6 si6] 电视机，电视节目〈名〉
電話	[din6 waa2]		[din6 waa2] 电话，手机〈名〉
靓仔	[leng3 zai2]		[leng3 zai2] 帅哥（称呼青年男子）；白米饭〈名〉
靓女	[leng3 neoi2]		[leng3 neoi2] 美女（称呼青年女性）〈名〉
靚	[leng3]		[leng3] 美丽，漂亮，质量优良〈形〉
靜	[zing6]		[zing6] 安静，清静，冷清〈形〉
靜雞雞	[zing6 gai1 gai1]		[zing6 gai1 gai1] 悄悄地，偷偷摸摸，暗中〈副〉
鞋	[haai4]		[haai4] 鞋子〈名〉
頂唔順	[ding2 m4 seon6]		[ding2 m4 seon6] 受不了，吃不消，难以忍受〈动〉
頭先	[tau4 sin1]		[tau4 sin1] 刚才，方才〈名/副〉
頭痛	[tau4 tung3]		[tau4 tung3] 头痛，令人发愁〈动/形〉
頸	[geng2]		[geng2] 脖子，颈部〈名〉
風筒	[fung1 tung2]		[fung1 tung2] 吹风机，电吹风〈名〉
食	[sik6]		[sik6] 吃〈动〉
食死貓	[sik6 sei2 maau1]		[sik6 sei2 maau1] 背黑锅，代人受过，蒙冤受屈〈动〉
食藥	[sik6 joek6]		[sik6 joek6] 吃药，服药〈动〉
飲	[jam2]		[jam2] 喝，饮〈动〉
飲茶	[jam2 caa4]		[jam2 caa4] 喝早茶，去茶楼吃点心〈动〉
飽	[baau2]		[baau2] 饱，吃饱〈形〉
餐	[caan1]		[caan1] 顿，番（量词，用于饮食、责骂或打斗）〈量〉
馬馬地	[maa5 maa5 dei2]		[maa5 maa5 dei2] 一般般，马马虎虎，不过尔尔〈形/副〉
驚	[geng1]		[geng1] 害怕，畏惧，恐慌〈动/形〉
鬼馬	[gwai2 maa5]		[gwai2 maa5] 古灵精怪，风趣幽默，滑稽机灵〈形〉
魚蛋	[jyu4 daan2]		[jyu4 daan2] 鱼丸，鱼蛋〈名〉
鳳爪	[fung6 zaau2]		[fung6 zaau2] 酱汁蒸凤爪（鸡爪）〈名〉
鴛鴦	[jin1 joeng1]		[jin1 joeng1] 鸳鸯（咖啡混合奶茶的经典饮品）〈名〉
黑口黑面	[haak1 hau2 haak1 min6]		[haak1 hau2 haak1 min6] 拉长着脸，脸色阴沉难看，面带怒色〈形〉
點心	[dim2 sam1]		[dim2 sam1] 点心（粤式茶点）〈名〉
點樣	[dim2 joeng2]		[dim2 joeng2] 怎样，如何〈副/代〉
點解	[dim2 gaai2]		[dim2 gaai2] 为什么〈副〉
