abandon	[əˈbændən]	[əˈbændən]	(v.) 放弃；遗弃；抛弃；离弃；中止；陷入；沉湎于
abdomen	[ˈæbdəmən]	[ˈæbdəmən]	(n.) 腹部；腹腔
abdominal	[æbˈdɒmɪn(ə)l]	[æbˈdɑːmɪn(ə)l]	(adj.) 腹部的；有腹鳍的(n.) 腹部；腹肌
abject	[ˈæbdʒekt]	[ˈæbdʒekt]	(adj.) 凄惨的；卑鄙的；可怜的；自卑的
abominable	[əˈbɒmɪnəb(ə)l]	[əˈbɑːmɪnəb(ə)l]	(adj.) 可憎的；令人厌恶的；极坏的
about	[əˈbaʊt]	[əˈbaʊt]	(prep.) 关于；大约；在……周围；在……各处(adv.) 大约；周围；到处；在附近(adj.) 即将……的；四处走动的；在起作用的
absence	[ˈæbsəns]	[ˈæbsəns]	(n.) 缺席；不在场；不存在；缺乏
absent	[ˈæbsənt]	[ˈæbsənt]	(adj.) 缺席的；不在场的；心不在焉的；茫然的(v.) 缺席；不参加；不在
absorber	[əbˈsɔːbə(r)]	[əbˈsɔːrbər]	(n.) 吸收器；吸收体；减震器
abuser	[əˈbjuːzə(r)]	[əˈbjuːzər]	(n.) 施虐者；滥用者；辱骂者
accent	[ˈæksent]	[ˈæksent]	(n.) 口音；腔调；土音；重音；重音符号；强调；着重点(v.) 着重；强调；突出；重读；使带…口音
acceptable	[əkˈseptəb(ə)l]	[əkˈseptəb(ə)l]	(adj.) 可接受的；令人满意的；值得接受的；可忍受的
accessible	[əkˈsesəb(ə)l]	[əkˈsesəb(ə)l]	(adj.) 可到达的；可接近的；易进入的；易得到的；易使用的；随和的；易接近的
accident	[ˈæksɪdənt]	[ˈæksɪdənt]	(n.) 事故；意外遭遇；不测事件；意外；偶然的事
acclamation	[ˌækləˈmeɪʃ(ə)n]	[ˌækləˈmeɪʃ(ə)n]	(n.) 欢呼；喝彩；称赞；赞成；推举
accord	[əˈkɔːd]	[əˈkɔːrd]	(n.) 和谐；一致；协议；(v.) 给予；符合；一致
accusation	[ˌækjuˈzeɪʃ(ə)n]	[ˌækjuˈzeɪʃ(ə)n]	(n.) 控告；指控；谴责
accuser	[əˈkjuːzə(r)]	[əˈkjuːzər]	(n.) 原告；控告者
acquisition	[ˌækwɪˈzɪʃ(ə)n]	[ˌækwɪˈzɪʃ(ə)n]	(n.) 获得；收购；习得；获得物
action	[ˈækʃ(ə)n]	[ˈækʃ(ə)n]	(n.) 行动；行为；作用；战斗；诉讼(v.) 对…起诉；处理
activation	[ˌæktɪˈveɪʃ(ə)n]	[ˌæktɪˈveɪʃ(ə)n]	(n.) 激活；活化；激励
adaptation	[ˌædæpˈteɪʃ(ə)n]	[ˌædæpˈteɪʃ(ə)n]	(n.) 适应；改编；改写本；适应的过程
adapter	[əˈdæptə(r)]	[əˈdæptər]	(n.) 适配器；转接器；改编者；改写者
addition	[əˈdɪʃ(ə)n]	[əˈdɪʃ(ə)n]	(n.) 添加；加法；增加物；增加
adieu	[əˈdjuː]	[əˈduː]	(int.) 再见；再会 (n.) 告别；辞别
adjoint	[ˈædˌdʒɔɪnt]	[ˈædˌdʒɔɪnt]	(adj.) 伴随的；附属的； adjoint（数学术语，伴随矩阵等） (n.) 伴随物；伴随矩阵
administration	[ədˌmɪnɪˈstreɪʃ(ə)n]	[ədˌmɪnɪˈstreɪʃ(ə)n]	(n.) 管理；行政；行政部门；政府；施行
admirable	[ˈædmərəb(ə)l]	[ˈædmərəb(ə)l]	(adj.) 令人钦佩的；值得赞赏的；出色的
admiration	[ˌædməˈreɪʃ(ə)n]	[ˌædməˈreɪʃ(ə)n]	(n.) 钦佩；赞赏；羡慕；赞美
admirer	[ədˈmaɪərə(r)]	[ədˈmaɪərər]	(n.) 爱慕者；赞赏者；钦佩者
admission	[ədˈmɪʃ(ə)n]	[ədˈmɪʃ(ə)n]	(n.) 承认；供认；准许进入；入场费；入场券；录取
ado	[əˈduː]	[əˈduː]	(n.) 麻烦；纷扰；忙乱；无谓的举动
adolescence	[ˌædəˈles(ə)ns]	[ˌædəˈles(ə)ns]	(n.) 青春期；青少年时期
adolescent	[ˌædəˈles(ə)nt]	[ˌædəˈles(ə)nt]	(n.) 青少年 (adj.) 青春期的；青少年的；幼稚的
adopter	[əˈdɒptə(r)]	[əˈdɑːptər]	(n.) 收养者；领养者；采用者
adoption	[əˈdɒpʃ(ə)n]	[əˈdɑːpʃ(ə)n]	(n.) 收养；领养；采用；采纳
adorable	[əˈdɔːrəb(ə)l]	[əˈdɔːrəb(ə)l]	(adj.) 可爱的；讨人喜欢的；迷人的
affectation	[ˌæfekˈteɪʃ(ə)n]	[ˌæfekˈteɪʃ(ə)n]	(n.) 做作；矫揉造作；装模作样
affection	[əˈfekʃ(ə)n]	[əˈfekʃ(ə)n]	(n.) 喜爱；钟爱；慈爱；感情
affront	[əˈfrʌnt]	[əˈfrʌnt]	(n.) 侮辱；冒犯 (v.) 侮辱；冒犯
agenda	[əˈdʒendə]	[əˈdʒendə]	(n.) 议程；议事日程
agent	[ˈeɪdʒənt]	[ˈeɪdʒənt]	(n.) 代理人；代理商；特工 (adj.) 代理的
agile	[ˈædʒaɪl]	[ˈædʒ(ə)l]	(adj.) 敏捷的；灵活的；机敏的
agitation	[ˌædʒɪˈteɪʃ(ə)n]	[ˌædʒɪˈteɪʃ(ə)n]	(n.) 搅动；搅拌；激动；不安
agriculture	[ˈæɡrɪkʌltʃə(r)]	[ˈæɡrɪkʌltʃər]	(n.) 农业；农学
aide	[eɪd]	[eɪd]	(n.) 助手；副官；侍从武官
ail	[eɪl]	[eɪl]	(v.) 使苦恼；使疼痛；困扰(n.) 病痛；苦恼
air	[eə(r)]	[er]	(n.) 空气；大气；天空；神态；曲调(v.) 使通风；晾干；播放；广播
album	[ˈælbəm]	[ˈælbəm]	(n.) 相册；影集；唱片集；集邮簿；签名纪念册
alias	[ˈeɪliəs]	[ˈeɪliəs]	(n.) 化名；别名(adv.) 又名；亦称
alibi	[ˈæləbaɪ]	[ˈæləbaɪ]	(n.) 不在场证明；借口；托辞(v.) 为……提供不在场证明；辩解
aliment	[ˈælɪmənt]	[ˈæləmənt]	(n.) 食物；滋养品；生计(v.) 向……提供食物；养育
alimentation	[ˌælɪmenˈteɪʃən]	[ˌæləmenˈteɪʃən]	(n.) 营养；食物供给；消化
alliance	[əˈlaɪəns]	[əˈlaɪəns]	(n.) 联盟；同盟；联姻
alligator	[ˈælɪɡeɪtə(r)]	[ˈælɪɡeɪtər]	(n.) 短吻鳄；（类似短吻鳄的）鳄鱼皮制品(adj.) 鳄鱼皮的
allo	[ˈæləʊ]	[ˈæləʊ]	(prefix) 表示“其他的”“不同的”“异质的”等含义
allocation	[ˌæləˈkeɪʃ(ə)n]	[ˌæləˈkeɪʃ(ə)n]	(n.) 分配；配给；划拨；配置
allure	[əˈlʊə(r)]	[əˈlʊr]	(v.) 吸引；诱惑(n.) 吸引力；诱惑力
allusion	[əˈluːʒ(ə)n]	[əˈluːʒ(ə)n]	(n.) 暗指；间接提及；典故
alpha	[ˈælfə]	[ˈælfə]	(n.) 希腊字母表的第一个字母“α”；开端；最初；（科学、技术等领域中表示）第一的、主要的等含义
alphabet	[ˈælfəbet]	[ˈælfəbet]	(n.) 字母表；全部字母
alternative	[ɔːlˈtɜːnətɪv]	[ɔːlˈtɜːrnətɪv]	(adj.) 可供替代的；非传统的(n.) 可供选择的事物；替代物；选择的余地
altitude	[ˈæltɪtjuːd]	[ˈæltɪtuːd]	(n.) 高度；海拔；高处；（地位、等级等的）高级；极端
aluminium	[ˌæljəˈmɪniəm]	[ˌæljəˈmɪniəm]	(n.) 铝（英式拼写）
amateur	[ˈæmətʃə(r)]	[ˈæmətʃər]	(n.) 业余爱好者；外行(adj.) 业余的；外行的；非职业的
ambition	[æmˈbɪʃ(ə)n]	[æmˈbɪʃ(ə)n]	(n.) 抱负；野心；志向；追求的目标
ambulance	[ˈæmbjələns]	[ˈæmbjələns]	(n.) 救护车；野战医院
ambulant	[ˈæmbjələnt]	[ˈæmbjələnt]	(adj.) 能走动的；可移动的；非卧床的
amour	[əˈmʊə(r)]	[əˈmʊr]	(n.) 恋情；偷情；（文学作品中的）爱情故事
ampoule	[ˈæmpuːl]	[ˈæmpjuːl]	(n.) 安瓿（装注射剂的小玻璃瓶）
amusement	[əˈmjuːzmənt]	[əˈmjuːzmənt]	(n.) 娱乐；消遣；乐趣；娱乐活动
an	[æn]	[æn]	(art.) （用于元音音素前）一（个）；每一（个）；任一（个）
anal	[ˈeɪn(ə)l]	[ˈeɪn(ə)l]	(adj.) 肛门的；直肠的；肛门附近的
analyse	[ˈænəlaɪz]	[ˈænəlaɪz]	(v.) 分析；分解；解析（英式英语拼写，等同于“analyze”）
analyser	[ˈænəlaɪzə(r)]	[ˈænəlaɪzər]	(n.) 分析者；分析器；检偏器
ancestral	[ænˈsestrəl]	[ænˈsestrəl]	(adj.) 祖先的；祖传的；世系的
anecdote	[ˈænɪkdəʊt]	[ˈænɪkdəʊt]	(n.) 轶事；趣闻；奇闻
angle	[ˈæŋɡl]	[ˈæŋɡl]	(n.) 角；角度；观点；角落(v.) 斜移；斜置；使成角度；钓鱼
animal	[ˈænɪm(ə)l]	[ˈænɪm(ə)l]	(n.) 动物；兽；牲畜(adj.) 动物的；肉体的；肉欲的
antidote	[ˈæntidəʊt]	[ˈæntidəʊt]	(n.) 解毒剂；矫正方法
antique	[ænˈtiːk]	[ænˈtiːk]	(adj.) 古老的；古董的；过时的(n.) 古董；古玩；古物
apocalypse	[əˈpɒkəlɪps]	[əˈpɑːkəlɪps]	(n.) （常大写）启示录；（尤指世界末日的）大灾难；天启
apparent	[əˈpærənt]	[əˈpærənt]	(adj.) 明显的；显而易见的；表面上的；似乎的
apparition	[ˌæpəˈrɪʃ(ə)n]	[ˌæpəˈrɪʃ(ə)n]	(n.) 幽灵；幻影；鬼怪；离奇出现的东西
application	[ˌæplɪˈkeɪʃ(ə)n]	[ˌæplɪˈkeɪʃ(ə)n]	(n.) 申请；请求；申请书；应用；运用；涂抹
approbation	[ˌæprəˈbeɪʃ(ə)n]	[ˌæprəˈbeɪʃ(ə)n]	(n.) 认可；赞许；批准
aptitude	[ˈæptɪtjuːd]	[ˈæptɪtuːd]	(n.) 天资；才能；自然倾向；适宜性
aquarium	[əˈkweəriəm]	[əˈkweriəm]	(n.) 水族馆；水族箱；养鱼缸
arc	[ɑːk]	[ɑːrk]	(n.) 弧；弧形；电弧；弧形物(v.) 形成电弧；循弧线行进
archer	[ˈɑːtʃə(r)]	[ˈɑːrtʃər]	(n.) 弓箭手；射箭运动员
architecture	[ˈɑːkɪtektʃə(r)]	[ˈɑːrkɪtektʃər]	(n.) 建筑风格；建筑设计；建筑学；体系结构
archive	[ˈɑːkaɪv]	[ˈɑːrkaɪv]	(n.) 档案；档案室；档案文件(v.) 把……存档；将……归档
ardent	[ˈɑːd(ə)nt]	[ˈɑːrd(ə)nt]	(adj.) 热情的；热烈的；热心的；激烈的
argument	[ˈɑːɡjumənt]	[ˈɑːrɡjumənt]	(n.) 论点；论据；争论；争吵；辩论；理由；说理
arrangement	[əˈreɪndʒmənt]	[əˈreɪndʒmənt]	(n.) 安排；筹备；整理；布置；商定；约定；排列；布置方式
arrogance	[ˈærəɡəns]	[ˈærəɡəns]	(n.) 傲慢；自大
arrogant	[ˈærəɡənt]	[ˈærəɡənt]	(adj.) 傲慢的；自大的
arsenal	[ˈɑːsən(ə)l]	[ˈɑːrsən(ə)l]	(n.) 兵工厂；军械库；储备；宝库
art	[ɑːt]	[ɑːrt]	(n.) 艺术；美术；技巧；技艺；人文科学；文科(v.) （与 thou 连用）是（be的第二人称单数现在式）
article	[ˈɑːtɪk(ə)l]	[ˈɑːrtɪk(ə)l]	(n.) 文章；物品；条款；冠词
artifice	[ˈɑːtɪfɪs]	[ˈɑːrtɪfɪs]	(n.) 诡计；欺骗；巧妙的设计；技巧
artisan	[ˌɑːtɪˈzæn]	[ˈɑːrtəz(ə)n]	(n.) 工匠；手艺人
artiste	[ɑːˈtɪst]	[ɑːrˈtist]	(n.) 艺人；表演艺术家
as	[æz]	[æz]	(adv.) 如同；像；例如(prep.) 作为；如同；当作；以……身份(conj.) 因为；随着；虽然；正如
aspect	[ˈæspekt]	[ˈæspekt]	(n.) 方面；样子；外观；（语法中动词的）体
aspiration	[ˌæspəˈreɪʃ(ə)n]	[ˌæspəˈreɪʃ(ə)n]	(n.) 渴望；抱负；志向；送气音 
assassin	[əˈsæsɪn]	[əˈsæs(ə)n]	(n.) 刺客；暗杀者
assembler	[əˈsemblə(r)]	[əˈsemblər]	(n.) 装配工；汇编程序
assistance	[əˈsɪstəns]	[əˈsɪstəns]	(n.) 帮助；援助
assistant	[əˈsɪstənt]	[əˈsɪstənt]	(n.) 助手；助理；助教(adj.) 辅助的；助理的
association	[əˌsəʊsiˈeɪʃən]	[əˌsəʊsiˈeɪʃən]	(n.) 协会；社团；联合；关联；联想
assurance	[əˈʃʊərəns]	[əˈʃʊrəns]	(n.) 保证；担保；自信；保险（尤指人寿保险）
attache	[əˈtæʃeɪ]	[ˌætəˈʃeɪ]	(n.) 专员；随员；大使馆馆员
attention	[əˈtenʃ(ə)n]	[əˈtenʃ(ə)n]	(n.) 注意力；专注；殷勤；关心；立正姿势
attitude	[ˈætɪtjuːd]	[ˈætɪtuːd]	(n.) 态度；看法；姿势；姿态
attraction	[əˈtrækʃ(ə)n]	[əˈtrækʃ(ə)n]	(n.) 吸引人的事物；吸引力；引力
audience	[ˈɔːdiəns]	[ˈɔːdiəns]	(n.) 观众；听众；读者；（与要人的）会见
audition	[ɔːˈdɪʃ(ə)n]	[ɔːˈdɪʃ(ə)n]	(n.) 试镜；试唱；试听；面试(v.) 对……进行试镜（或试唱等）；试镜；试唱
augmentation	[ˌɔːɡmenˈteɪʃ(ə)n]	[ˌɔːɡmenˈteɪʃ(ə)n]	(n.) 增加；增大；增长；扩张
aura	[ˈɔːrə]	[ˈɔːrə]	(n.) 气氛；氛围；气场；（人体散发的）气味；光环
auteur	[əʊˈtɜːr]	[əʊˈtɜːr]	(n.) （法）电影导演（尤指对作品有强烈个人风格的）
auto	[ˈɔːtəʊ]	[ˈɔːtəʊ]	(n.) 汽车；自动（化）；自动机械装置(adj.) 自动的；汽车的(v.) 乘汽车
automobile	[ˈɔːtəməbiːl]	[ˈɔːtəməbiːl]	(n.) 汽车
avalanche	[ˈævəlɑːnʃ]	[ˈævəlæntʃ]	(n.) 雪崩；山崩；突然大量到来的事物(v.) 像雪崩般落下；大量涌来
avant	[əˈvant]	[əˈvant]	(adv.) 在前；在先(adj.) 前面的；在前的
avatar	[ˈævətɑː(r)]	[ˈævətɑːr]	(n.) （印度教）神的化身；（网络或游戏中的）虚拟化身；形象代表
avenue	[ˈævənjuː]	[ˈævənuː]	(n.) 大街；林荫道；途径；手段
aviation	[ˌeɪviˈeɪʃ(ə)n]	[ˌeɪviˈeɪʃ(ə)n]	(n.) 航空；飞行术；航空业
axe	[æks]	[æks]	(n.) 斧；斧子；（美，非正式）解雇；裁员(v.) 用斧砍；削减；解雇
baby	[ˈbeɪbi]	[ˈbeɪbi]	(n.) 婴儿；婴孩；孩子气的人；宝贝(adj.) 婴儿的；幼小的；小型的(v.) 溺爱；娇纵
baby-sitter	[ˈbebɪˌsɪtə(r)]	[ˈbebɪˌsɪtər]	(n.) 临时保姆；代人照看孩子者
bacon	[ˈbeɪkən]	[ˈbeɪkən]	(n.) 培根；熏猪肉
badge	[bædʒ]	[bædʒ]	(n.) 徽章；证章；标记；象征
baguette	[bæˈɡet]	[bæˈɡet]	(n.) 法棍面包；细长的棍棒
bail	[beɪl]	[beɪl]	(n.) 保释；保释金；（船底的）排水孔(v.) 保释；帮助脱离困境；舀出（船里的水）
balance	[ˈbæləns]	[ˈbæləns]	(n.) 平衡；均衡；天平；余额(v.) 使平衡；权衡；结算；抵消
ballet	[ˈbæleɪ]	[bæˈleɪ]	(n.) 芭蕾舞；芭蕾舞剧；芭蕾舞团
ballon	[bɑːˈlɒn]	[bɑːˈlɔːn]	(n.) （法）轻快优雅的舞蹈；（芭蕾）空中画圈动作
banal	[bəˈnɑːl]	[bəˈnæl]	(adj.) 陈腐的；平庸的；乏味的
bandage	[ˈbændɪdʒ]	[ˈbændɪdʒ]	(n.) 绷带(v.) 用绷带包扎
bandit	[ˈbændɪt]	[ˈbændɪt]	(n.) 土匪；强盗
banjo	[ˈbændʒəʊ]	[ˈbændʒəʊ]	(n.) 班卓琴
banquet	[ˈbæŋkwɪt]	[ˈbæŋkwɪt]	(n.) 宴会；盛宴；酒席(v.) 宴请；设宴款待
banquette	[bæŋˈket]	[bæŋˈket]	(n.) （沿墙的）长凳；射击踏台；（马路旁的）人行道
bar	[bɑː(r)]	[bɑːr]	(n.) 酒吧；条；棒；障碍物；（法庭的）围栏；（乐谱中的）小节(v.) 阻拦；禁止；封锁；除……外
barbe	[ˈbɑːb]	[ˈbɑːrb]	(n.) （法）络腮胡子；（动物的）颌毛
barbecue	[ˈbɑːbɪkjuː]	[ˈbɑːrbɪkjuː]	(n.) 烧烤野餐；烧烤食品(v.) 烧烤；炙烤
barman	[ˈbɑːmən]	[ˈbɑːrmən]	(n.) 酒吧男招待员
baron	[ˈbærən]	[ˈbærən]	(n.) 男爵；巨头；大亨
barrage	[ˈbærɑːʒ]	[bəˈrɑːʒ]	(n.) 弹幕；火力网；一连串（批评、问题等）；堰坝(v.) 以密集火力攻击；连珠炮似地提出（问题等）
barricade	[ˈbærɪkeɪd]	[ˈbærɪkeɪd]	(n.) 路障；障碍物；屏障(v.) 设路障；阻碍；封锁
base	[beɪs]	[beɪs]	(n.) 基础；底部；基地；根据地；（棒球等的）垒；碱(v.) 以……为基础；把（总部等）设在
baseball	[ˈbeɪsbɔːl]	[ˈbeɪsbɔːl]	(n.) 棒球；棒球运动
basket	[ˈbɑːskɪt]	[ˈbæskɪt]	(n.) 篮子；筐；（篮球等的）得分；一篮之量(v.) 把……装入篮内
bazar	[bəˈzɑː(r)]	[bəˈzɑːr]	(n.) （中东、印度等地区的）集市；市场；义卖市场
beau	[bəʊ]	[bəʊ]	(n.) （女子的）男友；花花公子；（旧用法）向女子献殷勤的男子
bide	[baɪd]	[baɪd]	(v.) 等待；忍耐；停留；居住；（诗、文）持续；继续存在
bikini	[bɪˈkiːni]	[bɪˈkiːni]	(n.) 比基尼泳装；比基尼岛
bile	[baɪl]	[baɪl]	(n.) 胆汁；愤怒；坏脾气
billet	[ˈbɪlɪt]	[ˈbɪlɪt]	(n.) 部队临时营舍；（军队的）分配令；（木、金属等的）条；块；（尤指切成一定长度的）坯料；（法国封建时期的）公告；（古）诗节；（诗、歌等的）短节；（美）职务分配令；（美）征兵令(v.) 给（部队）安排宿营地；（按规定）把…分配给；把…分成块
bingo	[ˈbɪŋɡəʊ]	[ˈbɪŋɡəʊ]	(n.) 宾果游戏；（非正式）成功，成就；（尤指在英国）太好了，好极了(v.) （在宾果游戏中）赢；（非正式）达到目标，成功
bio	[ˈbaɪəʊ]	[ˈbaɪəʊ]	(n.) 个人经历；生物；生活；传记
biscuit	[ˈbɪskɪt]	[ˈbɪskɪt]	(n.) 饼干；小点心；（美）软烤饼；（英）淡而无味的饼干；（人的）性格；特质
bison	[ˈbaɪs(ə)n]	[ˈbaɪs(ə)n]	(n.) 野牛；北美野牛
bizarre	[bɪˈzɑː(r)]	[bɪˈzɑːr]	(adj.) 奇异古怪的；怪诞的
black	[blæk]	[blæk]	(adj.) 黑色的；黑暗的；黑人的；邪恶的；忧郁的 (n.) 黑色；黑人；黑颜料 (v.) 使变黑；变黑
bled	[bled]	[bled]	(v.) bleed的过去式和过去分词，流血；失血；给（某人）放血；榨取；（植物等）泌浆
bloc	[blɒk]	[blɑːk]	(n.) 集团；联盟
blond	[blɒnd]	[blɑːnd]	(n.) 白肤金发碧眼的男人；（泛指）金发人 (adj.) 金色的；亚麻色的；白皙的；白肤金发碧眼的
blouse	[blaʊz]	[blaʊs]	(n.) 女衬衫；（宽松的）短上衣
blues	[bluːz]	[bluːz]	(n.) 布鲁斯音乐；蓝色；忧郁；沮丧
bluff	[blʌf]	[blʌf]	(v.) 虚张声势；吓唬；（以虚张声势）哄骗 (n.) 虚张声势；吓唬；悬崖；陡岸 (adj.) 直率的；豪爽的
bombardier	[ˌbɒmbəˈdɪə(r)]	[ˌbɑːmbərˈdɪr]	(n.) 投弹手；（旧时）炮兵下士
bon	[bɒn]	[bɑːn]	(adj.) 好的；优良的；（在特定情境下表示赞同、认可等）行，可以
bonbon	[ˈbɒnbɒn]	[ˈbɑːnbɑːn]	(n.) 小糖果；夹心糖
bond	[bɒnd]	[bɑːnd]	(n.) 债券；纽带；联系；契约；粘合剂；（化学）键 (v.) 使结合；使黏合；用债券担保
bonnet	[ˈbɒnɪt]	[ˈbɑːnɪt]	(n.) 软帽；童帽；引擎罩(v.) 给……戴帽子；给……装罩子
bonus	[ˈbəʊnəs]	[ˈbəʊnəs]	(n.) 奖金；红利；额外津贴；意外收获
boom	[buːm]	[buːm]	(n.) 繁荣；激增；隆隆声(v.) 使兴旺；发出隆隆声；迅速发展
boomer	[ˈbuːmə(r)]	[ˈbuːmər]	(n.) 婴儿潮时期出生的人；（澳大利亚的）移居者；巨大的东西
boomerang	[ˈbuːməræŋ]	[ˈbuːməræŋ]	(n.) 回飞镖；自食恶果的行为(v.) 像回飞镖一样返回；自食恶果
border	[ˈbɔːdə(r)]	[ˈbɔːrdər]	(n.) 边界；边境；国界；边缘；范围(v.) 与……接壤；在……的边界上；接近；毗邻
borne	[bɔːn]	[bɔːrn]	(bear的过去分词) (adj.) 由……携带的；由……传播的
boss	[bɒs]	[bɔːs]	(n.) 老板；上司；头儿；（某一活动的）负责人 (v.) 管理；对……发号施令；当……的领导
bouillon	[ˈbuːjɒn]	[ˈbuːjɑːn]	(n.) 肉汁清汤；牛肉汤
boule	[buːl]	[buːl]	(n.) （古希腊和古罗马的）议会；一组投票球；（法国的）滚球游戏
boulevard	[ˈbuːləvɑːd]	[ˈbʊləvɑːrd]	(n.) 林荫大道；（市区的）大马路
bouquet	[buˈkeɪ]	[buˈkeɪ]	(n.) 花束；（酒的）芳香；（文学作品等的）韵味
bourgeois	[ˈbʊəʒwɑː]	[ˌbʊrˈʒwɑː]	(adj.) 资产阶级的；中产阶级的；追求名利的；世俗的 (n.) 资产阶级分子；中产阶级分子
bourgeoisie	[ˌbʊəʒwɑːˈziː]	[ˌbʊrʒwɑːˈziː]	(n.) 资产阶级；中产阶级
bourse	[bʊəs]	[bʊrs]	(n.) （尤指欧洲的）证券交易所；（旧时的）货币兑换所
bout	[baʊt]	[baʊt]	(n.) （疾病、疼痛等的）发作；一阵；（拳击等的）比赛；较量；一段（工作）时间
boutique	[buːˈtiːk]	[buːˈtiːk]	(n.) 精品店；时装店；礼品店
boxer	[ˈbɒksə(r)]	[ˈbɑːksər]	(n.) 拳击运动员
bracelet	[ˈbreɪslət]	[ˈbreɪslət]	(n.) 手镯；手链
brandy	[ˈbrændi]	[ˈbrændi]	(n.) 白兰地酒
brave	[breɪv]	[breɪv]	(adj.) 勇敢的；无畏的；华丽的；炫耀的(v.) 勇敢面对；冒（风险等）
bravo	[ˌbrɑːˈvəʊ]	[ˌbrɑːˈvəʊ]	(int.) 好哇；妙极了(n.) 喝彩声；叫好声
break	[breɪk]	[breɪk]	(v.) 打破；打碎；弄坏；违反；中断；休息(n.) 休息；间歇；课间休息；破裂；机会
bridge	[brɪdʒ]	[brɪdʒ]	(n.) 桥；桥梁；桥牌；纽带；鼻梁；琴马(v.) 架桥；跨越；连接；渡过（难关等）
briefing	[ˈbriːfɪŋ]	[ˈbriːfɪŋ]	(n.) 简报会；情况介绍会；指示；情报(v. -ing形式) 向……介绍情况；向……下达简令
brigade	[brɪˈɡeɪd]	[brɪˈɡeɪd]	(n.) 旅；（有组织的）一队；一组；（尤指用于特殊目的的）人群(v.) 把……编成队；组队
brigand	[ˈbrɪɡənd]	[ˈbrɪɡənd]	(n.) 土匪；强盗
brochette	[brɒˈʃet]	[brəʊˈʃet]	(n.) 烤肉串；串肉扦
brochure	[ˈbrəʊʃə(r)]	[brəʊˈʃʊr]	(n.) 小册子
bronze	[brɒnz]	[brɑːnz]	(n.) 青铜；青铜色；青铜制品；铜牌 (adj.) 青铜制的；青铜色的 (v.) 使变成青铜色；在……上镀青铜；使（尤指皮肤）晒成古铜色
brouhaha	[ˈbruːhɑːhɑː]	[ˈbruːhɑːhɑː]	(n.) 喧闹；骚乱；大吵大闹
bruit	[bruːt]	[bruːt]	(n.) 谣言；传闻(v.) 传播（谣言等）
brusque	[brʌsk]	[brʌsk]	(adj.) 唐突的；直率的；无礼的
brutal	[ˈbruːt(ə)l]	[ˈbruːt(ə)l]	(adj.) 残忍的；野蛮的；粗暴的；严酷的；毫不掩饰的
brute	[bruːt]	[bruːt]	(n.) 野兽；畜生；残忍的人；笨蛋(adj.) 蛮干不动脑筋的；根本而令人不快的
budget	[ˈbʌdʒɪt]	[ˈbʌdʒɪt]	(n.) 预算；预算案；生活费；专款(v.) 编制预算；把……编入预算；谨慎花钱(adj.) 价格低廉的；花钱少的
buffet	[ˈbʌfeɪ]	[bəˈfeɪ]	(n.) 自助餐；饮食柜台；（火车上的）餐车；一击；一顿打(v.) 连续猛击；打来打去；（使）受挫折(adj.) 自助餐的
bulldozer	[ˈbʊldəʊzə(r)]	[ˈbʊldəʊzər]	(n.) 推土机；推土器
bulletin	[ˈbʊlətɪn]	[ˈbʊlətɪn]	(n.) 公告；布告；新闻简报；（学术团体等定期出版的）会刊
bunker	[ˈbʌŋkə(r)]	[ˈbʌŋkər]	(n.) 沙坑；煤仓；掩体；（高尔夫球场的）障碍洞(v.) 把……放入沙坑；使陷入困境
bureau	[ˈbjʊərəʊ]	[ˈbjʊrəʊ]	(n.) 局；司；处；办事处；分社；写字台
burger	[ˈbɜːɡə(r)]	[ˈbɜːrɡər]	(n.) 汉堡包；肉饼；碎肉夹饼
bus	[bʌs]	[bʌs]	(n.) 公共汽车；巴士；(v.) 用公共汽车运送
business	[ˈbɪznəs]	[ˈbɪznəs]	(n.) 商业；买卖；生意；事务；职责；行业；(adj.) 商业的；商务的
but	[bʌt]	[bʌt]	(conj.) 但是；然而；可是；(prep.) 除…之外；(adv.) 仅仅；只；(n.) 借口；推辞
bye	[baɪ]	[baɪ]	(n.) （体育比赛中的）轮空；（板球）击球手未得分的球；附带的事物(int.) 再见
bye-bye	[ˈbaɪˌbaɪ]	[ˈbaɪˌbaɪ]	(int.) 再见(n.) 再见
cabaret	[ˈkæbəreɪ]	[ˌkæbəˈreɪ]	(n.) 卡巴莱歌舞表演；有歌舞表演的餐馆
cabinet	[ˈkæbɪnət]	[ˈkæbɪnət]	(n.) 内阁；橱柜；展览艺术品的小陈列室(adj.) 内阁的；私下的，秘密的
cache	[kæʃ]	[kæʃ]	(n.) 隐藏处；贮藏所；隐藏物；缓存(v.) 贮藏；隐藏；把……存入高速缓冲存储器
cachet	[ˈkæʃeɪ]	[kæˈʃeɪ]	(n.) 威望；印戳；标记；胶囊；封印(v.) 加盖印章；（用蜡）封
cactus	[ˈkæktəs]	[ˈkæktəs]	(n.) 仙人掌（单数形式）
cadence	[ˈkeɪd(ə)ns]	[ˈkeɪd(ə)ns]	(n.) 节奏；韵律；抑扬顿挫；（声音的）节奏变化
cadet	[kəˈdet]	[kəˈdet]	(n.) 军校学员；警校学员；幼子；次子
cadre	[ˈkɑːdə(r)]	[ˈkɑːdreɪ]	(n.) 干部；骨干；基础结构；骨骼
cage	[keɪdʒ]	[keɪdʒ]	(n.) 笼子；牢房；电梯厢；鸟笼；捕获器(v.) 把……关进笼子；把……囚禁起来
cake	[keɪk]	[keɪk]	(n.) 蛋糕；饼；块状物；利益总额(v.) （使）结块；（使）胶凝
calibre	[ˈkælɪbə]	[ˈkæləbɚ]	(n.) 口径；能力；质量；水准
calmer	[ˈkɑːmə(r)]	[ˈkɑːmər]	(adj.) calm的比较级，更平静的；更镇静的；更冷静的
came	[keɪm]	[keɪm]	(v.) come的过去式，来；来到；到达；出现；开始；发生
camouflage	[ˈkæməflɑːʒ]	[ˈkæməflɑːʒ]	(n.) 伪装；掩饰；迷彩服；(v.) 伪装；掩饰；掩盖
camp	[kæmp]	[kæmp]	(n.) 营地；兵营；度假营；(v.) 露营；扎营；（军队）扎营
camper	[ˈkæmpə]	[ˈkæmpɚ]	(n.) 露营者；野营者；房车
camping	[ˈkæmpɪŋ]	[ˈkæmpɪŋ]	(n.) 露营；野营；(v.) camp的现在分词，露营；扎营
campus	[ˈkæmpəs]	[ˈkæmpəs]	(n.) 校园；校区
canal	[kəˈnæl]	[kəˈnæl]	(n.) 运河；沟渠；水道；气管；(v.) 在……开凿运河；疏导
canard	[kæˈnɑːd]	[ˈkænɑːrd]	(n.) 谣言；虚假报道
cancer	[ˈkænsə(r)]	[ˈkænsər]	(n.) 癌症；恶性肿瘤；弊端；社会恶习
canon	[ˈkænən]	[ˈkænən]	(n.) 教规；准则；经典作品；真经；(v.) 把……列入经典
canyon	[ˈkænjən]	[ˈkænjən]	(n.) 峡谷；溪谷
cap	[kæp]	[kæp]	(n.) 帽子；（对物件起保护作用的）罩、盖、套；国家队队员；(v.) 覆盖；限额收取（或支出）；选入国家队；给（牙齿）上牙套
capable	[ˈkeɪpəb(ə)l]	[ˈkeɪpəb(ə)l]	(adj.) 有能力的；能干的；有才能的
cape	[keɪp]	[keɪp]	(n.) 海角；岬；披肩；短披风
capital	[ˈkæpɪt(ə)l]	[ˈkæpɪt(ə)l]	(n.) 首都；资本；资金；大写字母；资本家；(adj.) 重要的；大写的；可处死刑的
caprice	[kəˈpriːs]	[kəˈpriːs]	(n.) 反复无常；任性；突发奇想；怪念头
capsule	[ˈkæpsjuːl]	[ˈkæps(ə)l]	(n.) 胶囊；太空舱；小容器；(adj.) 压缩的；概要的；(v.) 压缩；将…装入胶囊
capture	[ˈkæptʃə(r)]	[ˈkæptʃər]	(v.) 俘虏；捕获；占领；吸引；记录；(n.) 捕获；俘虏；战利品
car	[kɑː(r)]	[kɑːr]	(n.) 汽车；车厢；吊舱
caramel	[ˈkærəmel]	[ˈkærəməl]	(n.) 焦糖；焦糖酱；焦糖色；(v.) 使…成焦糖；煮成焦糖
cardinal	[ˈkɑːdɪn(ə)l]	[ˈkɑːrdɪn(ə)l]	(adj.) 主要的；基本的；深红色的；(n.) 红衣主教；深红色
cargo	[ˈkɑːɡəʊ]	[ˈkɑːrɡəʊ]	(n.) 货物；船货
carnage	[ˈkɑːnɪdʒ]	[ˈkɑːrnɪdʒ]	(n.) 大屠杀；残杀；破坏
carte	[kɑːt]	[kɑːrt]	(n.) 菜单；地图；纸牌
carton	[ˈkɑːt(ə)n]	[ˈkɑːrt(ə)n]	(n.) 纸板箱；纸盒；塑料盒
cascade	[kæˈskeɪd]	[kæˈskeɪd]	(n.) 小瀑布；瀑布状物；一连串；(v.) 倾泻；流注；像瀑布般落下
case	[keɪs]	[keɪs]	(n.) 情况；实例；病例；案件；箱；盒；诉讼；(v.) 把…装入箱（或盒等）内；包围；对…进行仔细检查
cash	[kæʃ]	[kæʃ]	(n.) 现金；现款；(v.) 把…兑现
casino	[kəˈsiːnəʊ]	[kəˈsiːnəʊ]	(n.) 赌场；娱乐场
casserole	[ˈkæsərəʊl]	[ˈkæsərəʊl]	(n.) 砂锅；砂锅菜；焙盘
cassette	[kəˈset]	[kəˈset]	(n.) 盒式磁带；暗盒；胶卷暗盒
casting	[ˈkɑːstɪŋ]	[ˈkæstɪŋ]	(n.) 铸造；铸件；投掷；角色分配；(v.) cast的现在分词，投掷；投射；铸造；选派角色
castor	[ˈkɑːstə(r)]	[ˈkæstər]	(n.) 蓖麻；海狸香；调味瓶
catalogue	[ˈkætəlɒɡ]	[ˈkætəlɔːɡ]	(n.) 目录；一览表；系列；(v.) 将…编入目录；列举
catastrophe	[kəˈtæstrəfi]	[kəˈtæstrəfi]	(n.) 大灾难；灾祸；惨败
catch	[kætʃ]	[kætʃ]	(v.) 接住；抓住；逮住；赶上；感染；理解；引起注意；(n.) 捕获物；捕获量；陷阱；门扣；接球；吸引人的事物
cause	[kɔːz]	[kɔːz]	(n.) 原因；起因；理由；动机；事业；(v.) 使发生；造成；引起
caution	[ˈkɔːʃ(ə)n]	[ˈkɔːʃ(ə)n]	(n.) 谨慎；小心；警告；告诫；(v.) 警告；告诫
cavalier	[ˌkævəˈlɪə(r)]	[ˌkævəˈlɪr]	(n.) 对人傲慢的；漫不经心的；(n.) 傲慢的人；骑士
cave	[keɪv]	[keɪv]	(n.) 洞穴；山洞；(v.) 塌落；使倒塌；挖洞穴
caviar	[ˈkæviɑː(r)]	[ˈkæviɑːr]	(n.) 鱼子酱
cellule	[ˈseljuːl]	[ˈseljuːl]	(n.) 小细胞；小房
censure	[ˈsenʃə(r)]	[ˈsenʃər]	(n.) 谴责；责备；公开批评 (v.) 谴责；责备；公开批评
cent	[sent]	[sent]	(n.) 分（货币单位）；百
centime	[ˈsɑːntiːm]	[ˈsɑːntiːm]	(n.) 分（法国等国的辅币单位）
central	[ˈsentrəl]	[ˈsentrəl]	(adj.) 中心的；中央的；重要的；中枢的 (n.) 中心点；中心区
centre	[ˈsentə(r)]	[ˈsentər]	(n.) 中心；中央；中心点；中枢 (v.) 把……放在中央；使集中
cerise	[səˈriːz]	[səˈriːz]	(n.) 樱桃色；鲜红色 (adj.) 樱桃色的；鲜红色的
certain	[ˈsɜːt(ə)n]	[ˈsɜːrt(ə)n]	(adj.) 某一；必然的；确定的；无疑的；某个 (pron.) 某些；某几个 (n.) 某些人
certifier	[ˈsɜːtɪfaɪə(r)]	[ˈsɜːrtəˌfaɪər]	(n.) 证明者；保证人；核证人
certitude	[ˈsɜːtɪtjuːd]	[ˈsɜːrtɪtuːd]	(n.) 确信；确实；确定性
chagrin	[ˈʃæɡrɪn]	[ʃəˈɡrɪn]	(n.) 懊恼；苦恼；悔恨 (v.) 使懊恼；使苦恼；使悔恨
chair	[tʃeə(r)]	[tʃer]	(n.) 椅子；（会议的）主席席位；（大学的）教授职位 (v.) 担任（会议、讨论等的）主席；主持（会议、讨论等）
chaise	[ʃeɪz]	[ʃeɪz]	(n.) 轻便马车；一种两轮的轻便马车
chalet	[ˈʃæleɪ]	[ʃæˈleɪ]	(n.) 小木屋；（瑞士的）山地农舍
champ	[tʃæmp]	[tʃæmp]	(v.) （动物）大声咀嚼；格格地咬；（人）大声地嚼；不耐烦地等待；（对……）表示愤怒、焦急或烦恼 (n.) 咀嚼；咀嚼声；（美）冠军
champagne	[ʃæmˈpeɪn]	[ʃæmˈpeɪn]	(n.) 香槟酒；香槟色
champion	[ˈtʃæmpiən]	[ˈtʃæmpiən]	(n.) 冠军；捍卫者；拥护者 (v.) 支持；拥护；为……而斗争 (adj.) 优胜的；第一流的
chance	[tʃɑːns]	[tʃæns]	(n.) 机会；可能性；时机；风险 (v.) 偶然发生；冒险 (adj.) 意外的；偶然的
change	[tʃeɪndʒ]	[tʃeɪndʒ]	(n.) 改变；变化；变革；替换；更换；零钱；找头 (v.) 改变；变化；更换；交换；兑换；给（婴儿）换尿布；退换（商品）；换乘；转乘
changer	[ˈtʃeɪndʒə(r)]	[ˈtʃeɪndʒər]	(n.) 转换开关；转换装置；更换器；（电）换流器；（印）排字工人
chanson	[ˈʃænsən]	[ˈʃænsən]	(n.) （法）歌曲；歌谣
chant	[tʃɑːnt]	[tʃænt]	(n.) 圣歌；吟唱；反复呼喊的话语；（鸟的）鸣叫声 (v.) 吟唱；反复呼喊；唱圣歌；歌颂
chanter	[ˈtʃɑːntə(r)]	[ˈtʃæntər]	(n.) 吟唱者；唱圣歌者；风笛的笛管
chaos	[ˈkeɪɒs]	[ˈkeɪɑːs]	(n.) 混乱；无序；混沌
chaperon	[ˈʃæpərəʊn]	[ˈʃæpərəʊn]	(n.) （陪未婚少女参加社交活动的）女伴；监护人 (v.) 陪伴；护送；当女伴
char	[tʃɑː(r)]	[tʃɑːr]	(v.) 烧焦；把……烧成炭；当杂役 (n.) 烧焦物；家庭杂役；（英）女佣
charge	[tʃɑːdʒ]	[tʃɑːrdʒ]	(n.) 费用；指控；罪名；电荷；充电；掌管；照管；任务；责任 (v.) 收费；指控；给……充电；使承担（任务等）；赋予；冲锋；向前冲；记入（账户）
charger	[ˈtʃɑːdʒə(r)]	[ˈtʃɑːrdʒər]	(n.) 充电器；战马；袭击者；控诉者
chariot	[ˈtʃæriət]	[ˈtʃæriət]	(n.) 战车；双轮马拉战车
charitable	[ˈtʃærətəb(ə)l]	[ˈtʃærətəb(ə)l]	(adj.) 慈善的；仁慈的；慷慨的；施舍的
charlatan	[ˈʃɑːlətən]	[ˈʃɑːrlətən]	(n.) 骗子；假充内行的人
charmer	[ˈtʃɑːmə(r)]	[ˈtʃɑːrmər]	(n.) 魔术师；迷人的人；有魅力的人
charnel	[ˈtʃɑːnəl]	[ˈtʃɑːrn(ə)l]	(n.) 藏骸所；停尸房 (adj.) 阴森的；恐怖的
chaste	[tʃeɪst]	[tʃeɪst]	(adj.) 贞洁的；贞操的；纯洁的；朴素的；不淫秽的
chat	[tʃæt]	[tʃæt]	(n.) 聊天；闲聊；谈话；鸣叫声 (v.) 聊天；闲聊；（尤指在网上）聊天；交谈；（鸟）鸣叫
chauffeur	[ˈʃəʊfə(r)]	[ʃəʊˈfɜːr]	(n.) （受雇为他人开车的）司机 (v.) 开车运送；为……开车
cheeseburger	[ˈtʃiːzbɜːɡə(r)]	[ˈtʃiːzbɜːrɡər]	(n.) 芝士汉堡
chef	[ʃef]	[ʃef]	(n.) 厨师；主厨
chemise	[ʃəˈmiːz]	[ʃəˈmiːz]	(n.) 女式无袖衬衫；宽松连衣裙
chenille	[ʃəˈniːl]	[ʃəˈniːl]	(n.) 绳绒线；雪尼尔花线；绳绒织物
chic	[ʃiːk]	[ʃiːk]	(adj.) 别致的；时髦的；高雅的 (n.) 高雅的人；时髦的人
chiffon	[ˈʃɪfɒn]	[ʃɪˈfɑːn]	(n.) 雪纺绸；薄绸；雪纺面料 (adj.) 薄绸的；用雪纺绸做的
chip	[tʃɪp]	[tʃɪp]	(n.) 芯片；碎片；炸薯条；薄片；(v.) 削；凿；切下碎片；打（或踢）高球
chips	[tʃɪps]	[tʃɪps]	(n.) 炸薯条；薯片；芯片；碎片；(v.) chip的复数形式，也可作动词第三人称单数，如削；凿；切下碎片等
chorale	[kɒˈrɑːl]	[kəˈræl]	(n.) 赞美诗；唱诗班合唱
chose	[tʃəʊz]	[tʃəʊz]	(choose的过去式)(v.) 选择；挑选
chute	[ʃuːt]	[ʃuːt]	(n.) 斜槽；滑道；降落伞；（美）瀑布
cigarette	[ˌsɪɡəˈret]	[ˈsɪɡəret]	(n.) 香烟；卷烟
circuit	[ˈsɜːkɪt]	[ˈsɜːrkɪt]	(n.) 电路；巡回；巡回演出；环形路线；一圈；(v.) 巡回；环行
circulation	[ˌsɜːkjəˈleɪʃ(ə)n]	[ˌsɜːrkjəˈleɪʃ(ə)n]	(n.) 循环；传播；发行量；流通；社交圈子
citation	[saɪˈteɪʃ(ə)n]	[saɪˈteɪʃ(ə)n]	(n.) 引用；引证；传票；表彰；嘉奖
civil	[ˈsɪv(ə)l]	[ˈsɪv(ə)l]	(adj.) 公民的；市民的；民用的；民事的；有礼貌的；文明的
civilisation	[ˌsɪvəlaɪˈzeɪʃ(ə)n]	[ˌsɪvələˈzeɪʃ(ə)n]	(n.) 文明；文化；文明社会；文明世界；教化；开化
clan	[klæn]	[klæn]	(n.) 宗族；部落；家族；派别
clause	[klɔːz]	[klɔːz]	(n.) 条款；款项；（语法中的）从句
client	[ˈklaɪənt]	[ˈklaɪənt]	(n.) 客户；委托人；顾客；（在社交场合受他人帮助或保护的）受保护者
clip	[klɪp]	[klɪp]	(v.) 夹住；剪短；修剪；猛击；(n.) 夹子；回形针；修剪；（电影、电视的）片段
clique	[kliːk]	[kliːk]	(n.) 小集团；朋党；派系
clone	[kləʊn]	[kləʊn]	(n.) 克隆；无性繁殖系；复制品；(v.) 克隆；复制；以无性繁殖技术复制
club	[klʌb]	[klʌb]	(n.) 俱乐部；棍棒；（纸牌中的）梅花；(v.) 用棍棒打；募集；联合；协作
coach	[kəʊtʃ]	[kəʊtʃ]	(n.) 教练；长途公共汽车；四轮大马车；经济舱；(v.) 训练；指导；辅导；当教练
cobra	[ˈkəʊbrə]	[ˈkəʊbrə]	(n.) 眼镜蛇
coca	[ˈkəʊkə]	[ˈkəʊkə]	(n.) 古柯（一种植物，可提取可卡因）
cocktail	[ˈkɒkteɪl]	[ˈkɑːkteɪl]	(n.) 鸡尾酒；餐前开胃小吃；混合物；(adj.) 鸡尾酒的；（女服）在半正式场合穿的
code	[kəʊd]	[kəʊd]	(n.) 代码；密码；法规；准则；法典；编码；(v.) 编码；把……译成密码；编程序；规定
coder	[ˈkəʊdə(r)]	[ˈkəʊdər]	(n.) 编码器；编码员；译码器
cognac	[ˈkɒnjæk]	[ˈkəʊnjæk]	(n.) 干邑白兰地酒；科涅克白兰地（法国产）
coiffure	[kwɑːˈfjʊə(r)]	[kwɑːˈfjʊr]	(n.) 发型；头饰；(v.) 做发型
coin	[kɔɪn]	[kɔɪn]	(n.) 硬币；金属货币；(v.) 铸造（硬币）；创造（新词等）
coke	[kəʊk]	[kəʊk]	(n.) 焦炭；可口可乐（非正式）；(v.) 把……炼成焦炭；用焦炭烤（或煮）
col	[kɒl]	[kɑːl]	(n.)  山坳；山口；坳
collaboration	[kəˌlæbəˈreɪʃ(ə)n]	[kəˌlæbəˈreɪʃ(ə)n]	(n.) 合作；协作；勾结
collection	[kəˈlekʃ(ə)n]	[kəˈlekʃ(ə)n]	(n.) 收集；采集；收藏品；募捐
collier	[ˈkɒliə(r)]	[ˈkɑːliər]	(n.) 运煤船；煤矿工人；煤商
collision	[kəˈlɪʒ(ə)n]	[kəˈlɪʒ(ə)n]	(n.) 碰撞；冲突；（意见、看法等的）抵触
colon	[ˈkəʊlən]	[ˈkəʊlən]	(n.) 冒号；结肠
colonel	[ˈkɜːn(ə)l]	[ˈkɜːrn(ə)l]	(n.) 陆军上校；（美国海军或海岸警卫队的）上校
colonial	[kəˈləʊniəl]	[kəˈləʊniəl]	(adj.) 殖民的；殖民地的；（动物）群体的；集群的；(n.) 殖民地居民
coma	[ˈkəʊmə]	[ˈkəʊmə]	(n.) 昏迷；（昆虫的）蛰伤；（植物的）萎蔫病
combat	[ˈkɒmbæt]	[ˈkɑːmbæt]	(n.) 战斗；搏斗；争论；(v.) 与……战斗；防止；减轻
combine	[kəmˈbaɪn]	[kəmˈbaɪn]	(v.) 使结合；使联合；兼有；（使）化合；(n.) 联合企业；联合收割机
combustion	[kəmˈbʌstʃən]	[kəmˈbʌstʃən]	(n.) 燃烧；氧化；骚动
commandant	[ˈkɒməndænt]	[ˈkɑːməndænt]	(n.) 指挥官；司令官；（要塞、城堡等的）司令
commander	[kəˈmɑːndə(r)]	[kəˈmændər]	(n.) 指挥官；司令官；海军中校；（组织或活动的）负责人
commando	[kəˈmɑːndəʊ]	[kəˈmændəʊ]	(n.) 突击队；突击队员
commencement	[kəˈmensmənt]	[kəˈmensmənt]	(n.) 毕业典礼；开始；开端
comment	[ˈkɒment]	[ˈkɑːment]	(n.) 评论；意见；批评；议论；(v.) 评论；发表意见；批评
commenter	[ˈkɒmentə(r)]	[ˈkɑːmentər]	(n.) 评论者；批评家
commerce	[ˈkɒmɜːs]	[ˈkɑːmɜːrs]	(n.) 商业；贸易；商务；交往；社交
commercial	[kəˈmɜːʃ(ə)l]	[kəˈmɜːrʃ(ə)l]	(adj.) 商业的；商务的；营利的；以获利为目的的；(n.) （电台或电视播放的）广告
commissariat	[ˌkɒmɪˈseəriət]	[ˌkɑːmɪˈseriət]	(n.) 军需部门；粮食管理部门；军需供应
commission	[kəˈmɪʃ(ə)n]	[kəˈmɪʃ(ə)n]	(n.) 委员会；佣金；回扣；授权；委托；(v.) 委托；委任；任命；授予（军衔）；使服役
commode	[kəˈməʊd]	[kəˈməʊd]	(n.) 便桶；抽水马桶；洗脸台；(adj.) 方便的
commotion	[kəˈməʊʃ(ə)n]	[kəˈməʊʃ(ə)n]	(n.) 混乱；喧闹；骚动
commune	[ˈkɒmjuːn]	[ˈkɑːmjuːn]	(n.) 公社；群体；团体；(v.) 与……感觉一致；与……有同感； communes过去式和过去分词
communication	[kəˌmjuːnɪˈkeɪʃ(ə)n]	[kəˌmjuːnɪˈkeɪʃ(ə)n]	(n.) 通信；交流；通讯；传达；消息；书信；电话
communion	[kəˈmjuːniən]	[kəˈmjuːniən]	(n.) 交流；共享；（宗教）圣餐礼；（与上帝的）灵交；交融
compassion	[kəmˈpæʃ(ə)n]	[kəmˈpæʃ(ə)n]	(n.) 同情；怜悯
compatible	[kəmˈpætəb(ə)l]	[kəmˈpætəb(ə)l]	(adj.) 兼容的；能共处的；可并立的；与……兼容的；与……相适应的
compensation	[ˌkɒmpenˈseɪʃ(ə)n]	[ˌkɑːmpenˈseɪʃ(ə)n]	(n.) 补偿；赔偿；赔偿金；补偿金；报酬；薪水
complication	[ˌkɒmplɪˈkeɪʃ(ə)n]	[ˌkɑːmplɪˈkeɪʃ(ə)n]	(n.) 复杂情况；并发症；使更复杂化的事物
complice	[ˈkɒmplɪs]	[ˈkɒmplɪs]	(n.) 同谋者；共犯
compliment	[ˈkɒmplɪment]	[ˈkɑːmplɪment]	(n.) 赞美；称赞；恭维话；问候(v.) 赞美；称赞；恭维
composer	[kəmˈpəʊzə(r)]	[kəmˈpəʊzər]	(n.) 作曲家；创作者（尤指乐曲的创作者）
composition	[ˌkɒmpəˈzɪʃ(ə)n]	[ˌkɑːmpəˈzɪʃ(ə)n]	(n.) 成分；构成；作品；作文；创作；作曲；排版
con	[kɒn]	[kɑːn]	(n.) 反对的观点；反对票；骗子；欺诈行为(adj.) 欺诈的；骗取信任的(v.) 哄骗；欺骗
concentration	[ˌkɒns(ə)nˈtreɪʃ(ə)n]	[ˌkɑːns(ə)nˈtreɪʃ(ə)n]	(n.) 集中；专心；浓缩；浓度；集中营
concept	[ˈkɒnsept]	[ˈkɑːnsept]	(n.) 概念；观念；思想
conception	[kənˈsepʃ(ə)n]	[kənˈsepʃ(ə)n]	(n.) 概念；观念；构想；怀孕；胚胎
concert	[ˈkɒnsət]	[ˈkɑːnsərt]	(n.) 音乐会；演奏会；（尤指）交响音乐会；协调；一致(v.) 协同；协力；联合行动
concession	[kənˈseʃ(ə)n]	[kənˈseʃ(ə)n]	(n.) 让步；特许权；优惠；租界
concierge	[ˈkɒnsieəʒ]	[kəʊnˈsjerʒ]	(n.) 看门人；门房；旅馆服务台职员
conclusion	[kənˈkluːʒ(ə)n]	[kənˈkluːʒ(ə)n]	(n.) 结论；推论；结尾；签订；达成
concurrence	[kənˈkʌrəns]	[kənˈkɜːrəns]	(n.) 同时发生；并发；一致；赞同
concurrent	[kənˈkʌrənt]	[kənˈkɜːrənt]	(adj.) 同时发生的；并发的；一致的；共同的；合作的(n.) 同时发生的事件
condition	[kənˈdɪʃ(ə)n]	[kənˈdɪʃ(ə)n]	(n.) 情况；条件；环境；状况(v.) 训练；使习惯于；使适应；对……有重要影响；决定
conduit	[ˈkɒndjuɪt]	[ˈkɑːnduɪt]	(n.) 导管；水管；渠道；（电线、电缆等的）管道
confession	[kənˈfeʃ(ə)n]	[kənˈfeʃ(ə)n]	(n.) 忏悔；供认；坦白；声明
confidence	[ˈkɒnfɪdəns]	[ˈkɑːnfɪdəns]	(n.) 信心；信任；秘密
confirmation	[ˌkɒnfəˈmeɪʃ(ə)n]	[ˌkɑːnfərˈmeɪʃ(ə)n]	(n.) 确认；证实；批准；证明书
confrontation	[ˌkɒnfrʌnˈteɪʃ(ə)n]	[ˌkɑːnfrənˈteɪʃ(ə)n]	(n.) 对抗；冲突；对峙
confusion	[kənˈfjuːʒ(ə)n]	[kənˈfjuːʒ(ə)n]	(n.) 困惑；混淆；混乱；骚乱
conjugal	[ˈkɒndʒəɡl]	[ˈkɑːndʒəɡl]	(adj.) 婚姻的；夫妻之间的
conjurer	[kʌnˈdʒʊrə(r)]	[ˈkɑːndʒəər]	(n.) 魔术师；变戏法的人
connecter	[kəˈnektə(r)]	[kəˈnektər]	(n.) 连接器；连接者
connexion	[kəˈnekʃ(ə)n]	[kəˈnekʃ(ə)n]	(n.) 连接；联系；关系；连接词
conscience	[ˈkɒnʃəns]	[ˈkɑːnʃəns]	(n.) 良心；良知；道德心
conservatoire	[kənˈsɜːvətwɑː(r)]	[kənˈsɜːrvətwɑːr]	(n.) （尤指欧洲的）音乐学院；艺术学校
conserve	[kənˈsɜːv]	[kənˈsɜːrv]	(v.) 保护；保存；节约；节省；将……制成蜜饯 (n.) 果酱；蜜饯
consigner	[kənˈsaɪnə(r)]	[kənˈsaɪnər]	(n.) 发货人；寄售人；委托人
consolation	[ˌkɒnsəˈleɪʃ(ə)n]	[ˌkɑːnsəˈleɪʃ(ə)n]	(n.) 安慰；慰藉；起安慰作用的人（或事物）
console	[kənˈsəʊl]	[kənˈsəʊl]	(v.) 安慰；慰藉；安抚 (n.) 控制台；操控台；落地式收音机（或电视机）
constant	[ˈkɒnstənt]	[ˈkɑːnstənt]	(adj.) 不变的；恒定的；经常的 (n.) 常数；常量
constitution	[ˌkɒnstɪˈtjuːʃ(ə)n]	[ˌkɑːnstɪˈtuːʃ(ə)n]	(n.) 宪法；章程；构造；体质；组成；构成
construction	[kənˈstrʌkʃ(ə)n]	[kənˈstrʌkʃ(ə)n]	(n.) 建设；建造；建筑；建筑物；结构；解释
consul	[ˈkɒns(ə)l]	[ˈkɑːns(ə)l]	(n.) 领事
consultation	[ˌkɒns(ə)lˈteɪʃ(ə)n]	[ˌkɑːns(ə)lˈteɪʃ(ə)n]	(n.) 咨询；磋商；请教；查阅
consumer	[kənˈsjuːmə(r)]	[kənˈsuːmər]	(n.) 消费者；顾客；用户
contact	[ˈkɒntækt]	[ˈkɑːntækt]	(n.) 接触；联系；交往；熟人；接触者 (v.) 与……联系；与……接触
container	[kənˈteɪnə(r)]	[kənˈteɪnər]	(n.) 容器；集装箱
contamination	[kənˌtæmɪˈneɪʃ(ə)n]	[kənˌtæmɪˈneɪʃ(ə)n]	(n.) 污染；弄脏；污染物
content	[ˈkɒntent]	[ˈkɒntent]	(n.) 内容；目录；所含之物；（书等的）内容；满足；满意 (adj.) 满足的；满意的；知足的 (v.) 使满足；使满意
continent	[ˈkɒntɪnənt]	[ˈkɑːntɪnənt]	(n.) 大陆；洲；陆地
contraction	[kənˈtrækʃ(ə)n]	[kənˈtrækʃ(ə)n]	(n.) 收缩；缩短；缩写词；（分娩时的）子宫收缩
contravention	[ˌkɒntrəˈvenʃ(ə)n]	[ˌkɑːntrəˈvenʃ(ə)n]	(n.) 违反；违背； contravention of 违反…
contribution	[ˌkɒntrɪˈbjuːʃ(ə)n]	[ˌkɑːntrɪˈbjuːʃ(ə)n]	(n.) 贡献；捐款；捐赠；投稿
contusion	[kənˈtjuːʒ(ə)n]	[kənˈtuːʒ(ə)n]	(n.) 挫伤；擦伤
convention	[kənˈvenʃ(ə)n]	[kənˈvenʃ(ə)n]	(n.) 惯例；习俗；大会；公约；协定
conversation	[ˌkɒnvəˈseɪʃ(ə)n]	[ˌkɑːnvərˈseɪʃ(ə)n]	(n.) 交谈；谈话；会话
conviction	[kənˈvɪkʃ(ə)n]	[kənˈvɪkʃ(ə)n]	(n.) 坚定的信念；深信；坚信；定罪；判罪；说服；信服
cookie	[ˈkʊki]	[ˈkʊki]	(n.) 饼干；曲奇饼；（计算机）小甜饼（指网站为跟踪用户行为而存储在用户计算机上的小数据文件）；（美，非正式）家伙
cool	[kuːl]	[kuːl]	(adj.) 凉爽的；凉快的；冷静的；冷漠的；酷的；绝妙的 (v.) （使）冷却；（使）变凉；冷静下来；平息 (n.) 凉爽；凉爽的空气
copier	[ˈkɒpiə(r)]	[ˈkɑːpiər]	(n.) 复印机；抄写员；模仿者
cordon	[ˈkɔːd(ə)n]	[ˈkɔːrd(ə)n]	(n.) 警戒线；绶带；饰带；（尤指）肩带 (v.) 用警戒线围住；包围
corps	[kɔː(r)]	[kɔːr]	(n.) 军团；特种部队；一组；一群
correct	[kəˈrekt]	[kəˈrekt]	(v.) 改正；纠正；批改；校准 (adj.) 正确的；恰当的；端正的
correction	[kəˈrekʃ(ə)n]	[kəˈrekʃ(ə)n]	(n.) 改正；修正；校正；惩罚；教改
corruption	[kəˈrʌpʃ(ə)n]	[kəˈrʌpʃ(ə)n]	(n.) 腐败；贪污；堕落；腐烂
cortex	[ˈkɔːteks]	[ˈkɔːrteks]	(n.) 皮质；皮层；树皮；（果实的）外皮
cosmos	[ˈkɒzmɒs]	[ˈkɑːzməʊs]	(n.) 宇宙；世界；天地万物；（尤指被视为有序体系的）宇宙
costume	[ˈkɒstjuːm]	[ˈkɑːstuːm]	(n.) 服装；戏服；（特定场合穿的）成套服装 (v.) 给…穿上特殊服装；为…提供服装
coup	[kuː]	[kuː]	(n.) 政变；妙计；突然行动；（体育比赛中的）关键一击
coupe	[ˈkuːpeɪ]	[kuːˈpeɪ]	(n.) 双门轿车；双座四轮轿式马车；（剧院等的）包厢
couple	[ˈkʌp(ə)l]	[ˈkʌp(ə)l]	(n.) 一对；一双；夫妇；情侣；（一）对；（一）双；几个；两件事物 (v.) 连接；结合；使成对；交配；挽臂并行
courage	[ˈkʌrɪdʒ]	[ˈkɜːrɪdʒ]	(n.) 勇气；胆量；英勇
course	[kɔːs]	[kɔːrs]	(n.) 课程；路线；方向；一道菜；行动方针；进程；疗程 (v.) 奔流；迅速移动；沿特定路线行进；追赶；运行
court	[kɔːt]	[kɔːrt]	(n.) 法院；法庭；球场；宫廷；院子；追求；求爱 (v.) 向……献殷勤；追求；招致；设法获得；起诉
courtier	[ˈkɔːtiə(r)]	[ˈkɔːrtiər]	(n.) 朝臣；侍臣；奉承者
cousin	[ˈkʌz(ə)n]	[ˈkʌz(ə)n]	(n.) 堂（表）兄弟；堂（表）姐妹
couture	[kuˈtjʊə(r)]	[kuˈtʊr]	(n.) 时装设计（或制作）；高级时装；高级时装店
couturier	[kuˈtjʊərieɪ]	[kuˈtʊrieɪ]	(n.) 时装设计师；时装店老板；女装裁缝
coyote	[kaɪˈəʊti]	[kaɪˈəʊti]	(n.) 郊狼；丛林狼
crack	[kræk]	[kræk]	(n.) 裂缝；缝隙；破裂声；爆裂声；尝试；俏皮话；重击；（嗓音的）变声；强效可卡因(v.) 破裂；裂开；断裂；砸开；砸碎；破解；解决；打击；崩溃；变声；（使）发出爆裂声(adj.) 训练有素的；一流的；技艺高超的
cracker	[ˈkrækə(r)]	[ˈkrækər]	(n.) 薄脆饼干；爆竹；胡桃夹子；（计算机）黑客；迷人的姑娘(adj.) 最好的；第一流的
crash	[kræʃ]	[kræʃ]	(v.) 碰撞；坠毁；暴跌；突然闯入；使发出巨响；破产；倒闭(n.) 碰撞；坠毁；暴跌；失败；破裂声；碰撞声(adj.) 应急的；速成的
crayon	[ˈkreɪən]	[ˈkreɪən]	(n.) 蜡笔；彩色粉笔(v.) 用蜡笔（或彩色粉笔等）画
cricket	[ˈkrɪkɪt]	[ˈkrɪkɪt]	(n.) 板球运动；蟋蟀
crime	[kraɪm]	[kraɪm]	(n.) 罪行；犯罪活动；罪恶；严重错误
critique	[krɪˈtiːk]	[krɪˈtiːk]	(n.) 评论；批评；评论文章(v.) 评论；批评；评判
crochet	[ˈkrəʊʃeɪ]	[krəʊˈʃeɪ]	(n.) 钩针编织品；钩针编织法(v.) 用钩针编织
crocodile	[ˈkrɒkədaɪl]	[ˈkrɑːkədaɪl]	(n.) 鳄鱼；鳄鱼皮革；鳄类动物
croissant	[ˈkwæsɒ̃]	[krwɑːˈsɑːnt]	(n.) 羊角面包；新月形面包
crucial	[ˈkruːʃ(ə)l]	[ˈkruːʃ(ə)l]	(adj.) 至关重要的；关键的；决定性的
cruel	[ˈkruːəl]	[ˈkruːəl]	(adj.) 残忍的；残酷的；无情的；引起痛苦的
cube	[kjuːb]	[kjuːb]	(n.) 立方体；立方形；立方；三次幂；（骰子等的）小方块；（冰）冰块(v.) 使成正方形；使成立方体；求……的立方；切成小方块
cuisine	[kwɪˈziːn]	[kwɪˈziːn]	(n.) 烹饪；菜肴；烹饪风格；菜系
culture	[ˈkʌltʃə(r)]	[ˈkʌltʃər]	(n.) 文化；文明；修养；养殖；培养物；（微生物等的）培养；（考古学用语）文化（如特定时期或地区的艺术、信仰等）(v.) 培养（微生物等）；培育（植物等）；陶冶（情操等）；使有教养
cure	[kjʊə(r)]	[kjʊr]	(n.) 治愈；疗法；对策；药物；（对橡胶等的）熟化处理(v.) 治愈；治好（疾病、伤痛等）；矫正；改正；解决（问题）；加工处理（食品、材料等）；使（橡胶等）熟化
cutter	[ˈkʌtə(r)]	[ˈkʌtər]	(n.) 刀具；切割者；裁剪师；切割工具；小艇
cycle	[ˈsaɪk(ə)l]	[ˈsaɪk(ə)l]	(n.) 周期；循环；自行车；整套；一段时间(v.) 使循环；使轮转；骑自行车
dame	[deɪm]	[deɪm]	(n.) 夫人；女士（对妇女的尊称，尤用于英国）；（戏剧、电影等中的）老妇人
dandy	[ˈdændi]	[ˈdændi]	(n.) 花花公子；上等品(adj.) 上等的；极好的；时髦的
danger	[ˈdeɪndʒə(r)]	[ˈdeɪndʒər]	(n.) 危险；风险；威胁；危险物
date	[deɪt]	[deɪt]	(n.) 日期；日子；约会；枣子(v.) 注明日期；确定年代；约会
deal	[diːl]	[diːl]	(v.) 处理；应付；交易；给予；发牌(n.) 交易；协议；待遇；大量
dealer	[ˈdiːlə(r)]	[ˈdiːlər]	(n.) 商人；经销商；发牌者
delta	[ˈdeltə]	[ˈdeltə]	(n.) 三角洲；（河流的）三角洲地区；希腊字母δ
demander	[dɪˈmɑːndə(r)]	[dɪˈmɑːndər]	(n.) 要求者；请求者
dent	[dent]	[dent]	(n.) 凹痕； denture 齿；减少；齿痕(v.) 使产生凹痕；削弱；凹陷
descendant	[dɪˈsendənt]	[dɪˈsendənt]	(n.) 后裔；后代；子孙；（由某种事物）派生出的事物(adj.) 祖传的；世袭的；（从祖先）传下来的
description	[dɪˈskrɪpʃ(ə)n]	[dɪˈskrɪpʃ(ə)n]	(n.) 描述；形容；说明；种类；类型
dessert	[dɪˈzɜːt]	[dɪˈzɜːrt]	(n.) 甜点；甜食
destination	[ˌdestɪˈneɪʃ(ə)n]	[ˌdestɪˈneɪʃ(ə)n]	(n.) 目的地；终点；目标
destruction	[dɪˈstrʌkʃ(ə)n]	[dɪˈstrʌkʃ(ə)n]	(n.) 破坏；毁灭；消灭
devise	[dɪˈvaɪz]	[dɪˈvaɪz]	(v.) 设计；发明；想出；策划；创造
diagnostic	[ˌdaɪəɡˈnɒstɪk]	[ˌdaɪəɡˈnɑːstɪk]	(adj.) 诊断的；判断的；特征的(n.) 诊断程序；诊断提示
dialogue	[ˈdaɪəlɒɡ]	[ˈdaɪəlɔːɡ]	(n.) 对话；（文学、戏剧中的）对白；（国家、组织等之间的）对话，讨论(v.) 对话；进行讨论
difficile	[ˈdɪfɪsiːl]	[ˌdɪfəˈsiːl]	(adj.) 难相处的；（病）难治的；（尤指对治疗有抗药性的）难对付的
diffuser	[dɪˈfjuːzə(r)]	[dɪˈfjuːzər]	(n.) 扩散器；传播者；漫射体；扬声器纸盆
diffusion	[dɪˈfjuːʒ(ə)n]	[dɪˈfjuːʒ(ə)n]	(n.) 扩散；传播；漫射
digital	[ˈdɪdʒɪt(ə)l]	[ˈdɪdʒɪt(ə)l]	(adj.) 数字的；数码的；数字显示的；手指的；脚趾的(n.) 数字电视
diligence	[ˈdɪlɪdʒəns]	[ˈdɪlɪdʒəns]	(n.) 勤奋；勤勉；刻苦
dimension	[daɪˈmenʃ(ə)n]	[dɪˈmenʃn]	(n.) 尺寸；规模；维度；方面；范围；（数学中的）次元；度（数）
dire	[ˈdaɪə(r)]	[ˈdaɪər]	(adj.) 严峻的；可怕的；极度的；急需的
direct	[dəˈrekt]	[dəˈrekt]	(v.) 把……对准；针对；指示；指挥；导演；管理；给……指路(adj.) 直接的；笔直的；坦率的；直系的(adv.) 直接地；径直地
direction	[dəˈrekʃn]	[dəˈrekʃn]	(n.) 方向；方位；指引；说明；用法说明；趋势；目标；管理；指导
directive	[dəˈrektɪv]	[dəˈrektɪv]	(n.) 指示；指令；指导方针 (adj.) 指导的；指示的
disciple	[dɪˈsaɪp(ə)l]	[dɪˈsaɪp(ə)l]	(n.) 信徒；门徒；追随者
discipline	[ˈdɪsəplɪn]	[ˈdɪsəplɪn]	(n.) 纪律；学科；训练；惩罚 (v.) 训练；使有纪律；惩罚；管教
discussion	[dɪˈskʌʃ(ə)n]	[dɪˈskʌʃ(ə)n]	(n.) 讨论；商讨；论述；（正式的）讨论会
dispenser	[dɪˈspensə(r)]	[dɪˈspensər]	(n.) 分配器；自动售货机；药剂师；施与者
disposition	[ˌdɪspəˈzɪʃ(ə)n]	[ˌdɪspəˈzɪʃ(ə)n]	(n.) 性情；性格；倾向；处置；布置；排列；（财产等的）处置权
dispute	[dɪˈspjuːt]	[dɪˈspjuːt]	(v.) 争论；争执；对……提出质疑；争夺(n.) 争论；争端；纠纷
distance	[ˈdɪstəns]	[ˈdɪstəns]	(n.) 距离；间距；远处；远方；冷淡；疏远(v.) 拉开距离；与……保持距离；使远离
distant	[ˈdɪstənt]	[ˈdɪstənt]	(adj.) 遥远的；久远的；冷淡的；疏远的；间隔很大的
distinct	[dɪˈstɪŋkt]	[dɪˈstɪŋkt]	(adj.) 明显的；独特的；不同的；清楚的；确切的
distinction	[dɪˈstɪŋkʃ(ə)n]	[dɪˈstɪŋkʃ(ə)n]	(n.) 区别；差别；特性；荣誉；勋章
distraction	[dɪˈstrækʃ(ə)n]	[dɪˈstrækʃ(ə)n]	(n.) 分心；分散注意力；娱乐；消遣；心烦意乱
distribution	[ˌdɪstrɪˈbjuːʃ(ə)n]	[ˌdɪstrɪˈbjuːʃ(ə)n]	(n.) 分配；分布；分发；销售；（电影、音乐等的）发行；分配物；配给物
district	[ˈdɪstrɪkt]	[ˈdɪstrɪkt]	(n.) 地区；区域；行政区；（美国等国的）众议院选区
diva	[ˈdiːvə]	[ˈdiːvə]	(n.) （歌剧中的）女主角；著名女歌唱家；女名人
divan	[dɪˈvæn]	[dɪˈvæn]	(n.) 长沙发；（无靠背、扶手的）矮沙发；（东方式）吸烟室；（波斯或印度的）国务会议；诗集
divers	[ˈdaɪvəz]	[ˈdaɪvərz]	(n.) 潜水员；跳水运动员（diver的复数形式）
diversion	[daɪˈvɜːʃ(ə)n]	[daɪˈvɜːrʒ(ə)n]	(n.) 转移；转向；偏离；消遣；娱乐活动；临时绕行路
division	[dɪˈvɪʒ(ə)n]	[dɪˈvɪʒ(ə)n]	(n.) 部门；分歧；除法；分割；（军队的）师；（体育比赛的）级
divorce	[dɪˈvɔːs]	[dɪˈvɔːrs]	(n.) 离婚；分离；脱离(v.) 与……离婚；使分离；脱离
do	[duː]	[duː]	(aux. v.) 构成疑问句、否定句；代替动词以避免重复；用于加强语气(v.) 做；干；进行；完成；学习；研究；整理；算出；解答(n.) 要求；规定；该做的事
dock	[dɒk]	[dɑːk]	(n.) 码头；船坞；被告席；（草本植物的）酸模；尾巴的骨肉部分(v.) 使靠码头；使入坞；扣（工资等）；剪短（尾巴等）
document	[ˈdɒkjumənt]	[ˈdɑːkjumənt]	(n.) 文件；公文；文献；证件(v.) 记录；记载；用文件证明
dodo	[ˈdəʊdəʊ]	[ˈdəʊdəʊ]	(n.) 渡渡鸟（已灭绝的鸟类）；守旧落伍的人；笨蛋
dollar	[ˈdɒlə(r)]	[ˈdɑːlər]	(n.) 美元（美国、加拿大、澳大利亚等国货币单位）；元（其他一些国家的货币单位）；一元纸币（或硬币）
domicile	[ˈdɒmɪsaɪl]	[ˈdɑːmɪsaɪl]	(n.) 住处；住所；户籍(v.) 定居；居住
dominant	[ˈdɒmɪnənt]	[ˈdɑːmɪnənt]	(adj.) 占主导地位的；主要的；显性的；有统治权的；高耸的(n.) 显性性状；显性基因；优势物种
domination	[ˌdɒmɪˈneɪʃ(ə)n]	[ˌdɑːmɪˈneɪʃ(ə)n]	(n.) 统治；控制；支配；优势
don	[dɒn]	[dɑːn]	(v.) 穿上；披上；戴上；就任；担任(n.) 先生（用于西班牙语国家对男子的尊称）；大学教师；唐（人名）
dose	[dəʊs]	[dəʊs]	(n.) 剂量；一剂；一份(v.) 给…服药；给药
dossier	[ˈdɒsieɪ]	[ˈdɔːsieɪ]	(n.) 档案；卷宗
dot	[dɒt]	[dɑːt]	(n.) 点；圆点；小数点；句号(v.) 加点；星罗棋布于；点缀
double	[ˈdʌb(ə)l]	[ˈdʌb(ə)l]	(adj.) 双的；双重的；两倍的；双人的；双份的(n.) 两倍；双份；替身演员；双打比赛(v.) 使加倍；翻倍；兼任
doyen	[ˈdɔɪən]	[ˈdɔɪən]	(n.) 老前辈；元老；（男性）长者；（行业、团体等的）资深成员
dragon	[ˈdræɡən]	[ˈdræɡən]	(n.) 龙；悍妇；母夜叉；（传说中的）龙；（大型）蜥蜴；凶恶的人；严厉而有警觉性的女人
drap	[dræp]	[dræp]	(n.) 妇女服装；布料；旧衣服；少量的（尤指金钱）(v.) （使）低垂；（使）低垂而显得邋遢；（使）缓慢而无生气地进行
dresser	[ˈdresə(r)]	[ˈdresər]	(n.) 梳妆台；碗柜；（酒店房间的）小衣柜；穿着讲究的人
duel	[ˈdjuːəl]	[ˈduːəl]	(n.) 决斗；斗争；抗争(v.) 决斗；斗争
dune	[djuːn]	[duːn]	(n.) 沙丘
duo	[ˈdjuːəʊ]	[ˈduːəʊ]	(n.) 二重唱；二人组；一对
dupe	[djuːp]	[duːp]	(n.) 受骗者；笨蛋(v.) 欺骗；愚弄
dynamite	[ˈdaɪnəmaɪt]	[ˈdaɪnəmaɪt]	(n.) 炸药；具有潜在危险的人或物(v.) 用炸药炸；使失败
e-mail	[ˈiːmeɪl]	[ˈiːmeɪl]	(n.) 电子邮件(v.) 给……发电子邮件
eau	[əʊ]	[əʊ]	(n.) 水（尤用于香水名称）
ecstasy	[ˈekstəsi]	[ˈekstəsi]	(n.) 狂喜；入迷；忘形
effort	[ˈefət]	[ˈefərt]	(n.) 努力；尝试；努力的成果；成就
ego	[ˈiːɡəʊ]	[ˈiːɡəʊ]	(n.) 自我；自我意识；自负
empire	[ˈempaɪə(r)]	[ˈempaɪər]	(n.) 帝国；帝王统治；大企业组织
employer	[ɪmˈplɔɪə(r)]	[ɪmˈplɔɪər]	(n.) 雇主；老板
encore	[ˈɒŋkɔː(r)]	[ˈɑːnkɔːr]	(n.) 安可曲；再演要求；加演(v.) 要求再演；加演
encouragement	[ɪnˈkʌrɪdʒmənt]	[ɪnˈkɜːrɪdʒmənt]	(n.) 鼓励；激励；支持，激发他人积极性或给予肯定的行为或言语
engagement	[ɪnˈɡeɪdʒmənt]	[ɪnˈɡeɪdʒmənt]	(n.) 婚约；约会；交战；诺言；参与度
ennui	[ɒnˈwiː]	[ɑːnˈwiː]	(n.) 倦怠；厌倦(vt.) 使无聊；使厌倦
ensemble	[ɒnˈsɒmb(ə)l]	[ɑːnˈsɑːmb(ə)l]	(n.) 全体；整体；总效果；全套服装；合奏组；剧团 (adj.) 整体的；组合的
entente	[ɒnˈtɒnt]	[ɑːnˈtɑːnt]	(n.) 协定；协约；联盟；（国家间的）谅解
entourage	[ˈɒnturɑːʒ]	[ˌɑːntuˈrɑːʒ]	(n.) 随行人员；周围的事物；环境
entrain	[ɪnˈtreɪn]	[ɪnˈtreɪn]	(v.) 使乘火车；使夹带；拖；拉；（使）上火车；参与；开始
entrepreneur	[ˌɒntrəprəˈnɜː(r)]	[ˌɑːntrəprəˈnɜːr]	(n.) 企业家；创业者；承包人
environ	[ɪnˈvaɪərən]	[enˈvaɪrən]	(v.) 环绕，包围；(n.) 周围环境，周边地区；(计算机) 环境变量集合
errant	[ˈerənt]	[ˈerənt]	(adj.) 周游的；漂泊的；犯错的；走入歧途的
escalade	[ˌeskəˈleɪd]	[ˌeskəˈleɪd]	(n.) 攀登；云梯攻城法(v.) 攀登；以云梯攀登
esprit	[ˈespriː]	[ˈespriː]	(n.) 精神；才智；机智
essence	[ˈes(ə)ns]	[ˈes(ə)ns]	(n.) 本质；实质；精华；香精
estimation	[ˌestɪˈmeɪʃ(ə)n]	[ˌestɪˈmeɪʃ(ə)n]	(n.) 估计；估算；评价；判断
euro	[ˈjʊərəʊ]	[ˈjʊrəʊ]	(n.) 欧元
exact	[ɪɡˈzækt]	[ɪɡˈzækt]	(adj.) 准确的；精确的；严谨的；确切的；恰好的(v.) 要求；强求；急需；索取
exam	[ɪɡˈzæm]	[ɪɡˈzæm]	(n.) 考试；测验；检查；审查
examiner	[ɪɡˈzæmɪnə(r)]	[ɪɡˈzæmɪnər]	(n.) 主考人；考官；审查人
excellence	[ˈeksələns]	[ˈeksələns]	(n.) 优秀；卓越；美德；长处
excellent	[ˈeksələnt]	[ˈeksələnt]	(adj.) 卓越的；极好的；杰出的
exception	[ɪkˈsepʃ(ə)n]	[ɪkˈsepʃ(ə)n]	(n.) 例外；除外；异议；反对
excitant	[ˈeksɪtənt]	[ɪkˈsaɪt(ə)nt]	(n.) 兴奋剂；刺激物
excitation	[ˌeksaɪˈteɪʃən]	[ˌeksaɪˈteɪʃən]	(n.) 激发；刺激；激动；励磁
exciter	[ɪkˈsaɪtə(r)]	[ɪkˈsaɪtər]	(n.) 刺激物；兴奋剂；励磁机
excursion	[ɪkˈskɜːʃ(ə)n]	[ɪkˈskɜːrʒ(ə)n]	(n.) 短途旅行；游览；离题；偏移；远足
excuse	[ɪkˈskjuːs]	[ɪkˈskjuːs]	(n.) 借口；理由；饶恕；托辞(v.) 原谅；为……辩解；免除（责任、义务等）
existence	[ɪɡˈzɪstəns]	[ɪɡˈzɪstəns]	(n.) 存在；生存；生活方式；存在物
expert	[ˈekspɜːt]	[ˈekspɜːrt]	(n.) 专家；能手(adj.) 熟练的；内行的；专家的
expertise	[ˌekspɜːˈtiːz]	[ˌekspɜːrˈtiːz]	(n.) 专门知识；专门技术；专家的意见
explication	[ˌeksplɪˈkeɪʃ(ə)n]	[ˌeksplɪˈkeɪʃ(ə)n]	(n.) 说明；解释；阐述
exploit	[ɪkˈsplɔɪt]	[ɪkˈsplɔɪt]	(v.) 开发；利用；剥削；开采 (n.) 功绩；功劳；勋绩
exploitation	[ˌeksplɔɪˈteɪʃ(ə)n]	[ˌeksplɔɪˈteɪʃ(ə)n]	(n.) 开发；利用；剥削；开采
exploiter	[ɪkˈsplɔɪtə(r)]	[ɪkˈsplɔɪtər]	(n.) 剥削者；开发者；利用者
explorer	[ɪkˈsplɔːrə(r)]	[ɪkˈsplɔːrər]	(n.) 探险家；勘探者；探测器
explosion	[ɪkˈspləʊʒ(ə)n]	[ɪkˈspləʊʒ(ə)n]	(n.) 爆炸；爆发；激增
expo	[ˈekspəʊ]	[ˈekspəʊ]	(n.) 展览会；博览会
exposition	[ˌekspəˈzɪʃ(ə)n]	[ˌekspəˈzɪʃ(ə)n]	(n.) 博览会；展览会；阐述；讲解
express	[ɪkˈspres]	[ɪkˈspres]	(v.) 表达；表示；快递；挤出 (adj.) 明确的；快速的；专门的 (n.) 快车；快递；专使
expression	[ɪkˈspreʃ(ə)n]	[ɪkˈspreʃ(ə)n]	(n.) 表达；表情；词语；表达方式；（数学）表达式
expulsion	[ɪkˈspʌlʃ(ə)n]	[ɪkˈspʌlʃ(ə)n]	(n.) 驱逐；开除；排出
extension	[ɪkˈstenʃ(ə)n]	[ɪkˈstenʃ(ə)n]	(n.) 扩大；延伸；附加部分；电话分机；扩展名
extinction	[ɪkˈstɪŋkʃ(ə)n]	[ɪkˈstɪŋkʃ(ə)n]	(n.) 灭绝；绝种；熄灭；消灭；废止
extra	[ˈekstrə]	[ˈekstrə]	(adj.) 额外的；附加的；多余的(adv.) 额外；另外；特别地(n.) 额外的事物；额外人员；（电影中的）临时演员；号外；上等产品（常复数）(v.) 额外收费；索要额外费用
extraordinaire	[ɪkˌstrɔːdɪˈneə(r)]	[ɪkˌstrɔːrdɪˈner]	(adj.) 非凡的；卓越的；杰出的(n.) 非凡的人；高手
extravagant	[ɪkˈstrævəɡənt]	[ɪkˈstrævəɡənt]	(adj.) 奢侈的；挥霍的；过度的；离谱的；放肆的
fable	[ˈfeɪb(ə)l]	[ˈfeɪb(ə)l]	(n.) 寓言；童话；神话；无稽之谈；不实之词(v.) 讲寓言；编寓言；虚构；杜撰
fabrication	[ˌfæbrɪˈkeɪʃən]	[ˌfæbrɪˈkeʃən]	(n.) 制造；建造；编造；伪造；虚构的事物
face	[feɪs]	[feɪs]	(n.) 脸；表面；面子；面容；外观；威信(v.) 面对；面向；承认；抹盖；朝；向
facial	[ˈfeɪʃ(ə)l]	[ˈfeɪʃ(ə)l]	(adj.) 面部的；表面的；脸的；面部用的(n.) 美容；面部护理
facile	[ˈfæsaɪl]	[ˈfæs(ə)l]	(adj.) 容易的；敏捷的；肤浅的；轻而易举的；随和的
facture	[ˈfæktʃə]	[ˈfæktʃə]	(n.) 制作；制作法；（艺术品等的）工艺
falsifier	[ˈfɔːlsɪfaɪə(r)]	[ˈfɔːlsəˌfaɪər]	(n.) 伪造者；篡改者
familial	[fəˈmɪliəl]	[fəˈmɪliəl]	(adj.) 家族的；家庭的；遗传的；熟悉的
famine	[ˈfæmɪn]	[ˈfæmɪn]	(n.) 饥荒；严重短缺
fan	[fæn]	[fæn]	(n.) 风扇；扇子；迷；狂热爱好者(v.) 扇；煽动；吹拂；成扇形散开
fanfare	[ˈfænfeə(r)]	[ˈfænfer]	(n.) 号角齐鸣；嘹亮的喇叭声；大张旗鼓的宣传(v.) 喧闹地宣布；吹喇叭
farce	[fɑːs]	[fɑːrs]	(n.) 闹剧；滑稽戏；滑稽可笑的事情
fascination	[ˌfæsɪˈneɪʃ(ə)n]	[ˌfæsɪˈneɪʃ(ə)n]	(n.) 魅力；着迷；入迷；吸引力
fast-food	[ˌfɑːst ˈfuːd]	[ˌfæst ˈfuːd]	(adj.) 快餐的；供应快餐的(n.) 快餐
fatal	[ˈfeɪt(ə)l]	[ˈfeɪt(ə)l]	(adj.) 致命的；灾难性的；毁灭性的；命中注定的
fatigue	[fəˈtiːɡ]	[fəˈtiːɡ]	(n.) 疲劳；劳累；（金属材料等的）疲劳(v.) 使疲劳；使劳累；使（金属材料等）疲劳
faux	[fəʊ]	[fəʊ]	(adj.) 假的；人造的；伪造的
favorable	[ˈfeɪvərəb(ə)l]	[ˈfeɪvərəb(ə)l]	(adj.) 有利的；良好的；赞成的；讨人喜欢的
fax	[fæks]	[fæks]	(n.) 传真；传真机；传真件(v.) 传真（文档、信件等）；给……发传真
fertile	[ˈfɜːtaɪl]	[ˈfɜːrt(ə)l]	(adj.) 肥沃的；富饶的；能生育的；可繁殖的；想象力丰富的
festival	[ˈfestɪv(ə)l]	[ˈfestɪv(ə)l]	(n.) 节日；庆祝活动；（音乐、戏剧等的）节；（尤指定期举行的）文化节(adj.) 节日的；喜庆的
fibre	[ˈfaɪbə(r)]	[ˈfaɪbər]	(n.) 纤维；纤维制品；（织物的）质地；（人或动物身体组织的）纤维（英式拼写）
fiction	[ˈfɪkʃ(ə)n]	[ˈfɪkʃ(ə)n]	(n.) 小说；虚构的事；编造的谎言
fief	[fiːf]	[fiːf]	(n.) 封地；采邑
figure	[ˈfɪɡə(r)]	[ˈfɪɡjər]	(n.) 数字；人物；图形；身材；体形；画像；塑像；（远处人的）轮廓；金额；价格(v.) 计算；认为；估计；猜想；（在心中）想象；理解；解决；出现；扮演角色
figurine	[ˌfɪɡəˈriːn]	[ˌfɪɡjəˈriːn]	(n.) 小雕像；小塑像
file	[faɪl]	[faɪl]	(n.) 文件；档案；文件夹；锉刀；（计算机）文档(v.) 把……归档；提交（申请等）；锉；列队行进
filer	[ˈfaɪlə(r)]	[ˈfaɪlər]	(n.) 文件归档者；锉工
filet	[ˈfɪlɪt]	[fɪˈleɪ]	(n.) 鱼片；肉片；（尤指）无骨鱼片；（衣服的）饰边；（建筑的）平缘；嵌条(v.) 把（鱼、肉等）切成片；去（鱼、肉等）的骨头无骨鱼片；（衣服的）饰边；（建筑的）平缘；嵌条(v.) 把（鱼、肉等）切成片；去（鱼、肉等）的骨头
film	[fɪlm]	[fɪlm]	(n.) 电影；影片；胶片；薄膜；薄层(v.) 拍摄（电影、照片等）；在……上覆以薄膜；变得朦胧
fin	[fɪn]	[fɪn]	(n.) 鳍；鱼翅；（飞机的）尾翼；散热片；鳍状物
final	[ˈfaɪn(ə)l]	[ˈfaɪn(ə)l]	(adj.) 最后的；最终的；决定性的；不可更改的(n.) 决赛；期末考试；（报纸的）最后一版
finale	[fɪˈnɑːli]	[fɪˈnæli]	(n.) 终曲；结局；（演出等的）最后部分
finance	[ˈfaɪnæns]	[ˈfaɪnæns]	(n.) 财政；金融；财务状况(v.) 为……提供资金；筹措资金
financier	[faɪˈnænsiə(r)]	[ˌfɪnənˈsɪr]	(n.) 金融家；理财家；融资者(v.) 为……融资；提供资金
finesse	[fɪˈnes]	[fɪˈnes]	(n.) 技巧；策略；手腕；（桥牌中的）飞牌(v.) 巧妙地处理；用策略对付
fisc	[fɪsk]	[fɪsk]	(n.) 国库；财政；（封建时代的）王室财产
fiscal	[ˈfɪsk(ə)l]	[ˈfɪsk(ə)l]	(adj.) 财政的；国库的；会计的；财务的(n.) 财政部长
fissure	[ˈfɪʃə(r)]	[ˈfɪʃər]	(n.) 裂缝；裂隙；分歧；分裂(v.) （使）裂开；（使）产生分歧
fixer	[ˈfɪksə(r)]	[ˈfɪksər]	(n.) 固定器；修理者；（政治、商业等方面的）斡旋者；（摄影）定影剂
flagrant	[ˈfleɪɡrənt]	[ˈfleɪɡrənt]	(adj.) 公然的；明目张胆的；臭名远扬的
flair	[fleə(r)]	[fler]	(n.) 天资；天赋；才华；鉴别力；眼光
flash	[flæʃ]	[flæʃ]	(v.) 闪光；闪现；飞驰；（使）闪耀；（快速地）出示；（向……）用光发出（信号）；（想法等）突然闪过；突然显露（强烈情感）(n.) 闪光；（想法的）突现；闪光灯；（灯塔等的）闪亮；一瞬间；（产品的）品牌标识(adj.) 火速的；快速的；临时的；闪存的
flatter	[ˈflætə(r)]	[ˈflætər]	(v.) 奉承；谄媚；恭维；使显得更漂亮；使满意；使高兴
flipper	[ˈflɪpə(r)]	[ˈflɪpər]	(n.) 鳍状肢；鸭脚板；（潜水用的）脚蹼；（玩具的）塑料投环
flirt	[flɜːt]	[flɜːrt]	(v.) 调情；不认真地考虑；（短暂地）接触；摆弄(n.) 调情的人；卖弄风情者
flux	[flʌks]	[flʌks]	(n.) 流量；变迁；不稳定；流出；熔剂；助熔剂(v.) 使熔融；用焊剂处理；熔化；流出
foetus	[ˈfi:təs]	[ˈfitəs]	(n.) 胎儿（英式拼法，美式为fetus）
fond	[fɒnd]	[fɑːnd]	(adj.) 喜爱的；深情的；宠爱的；（希望、计划等）不大可能实现的
foot	[fʊt]	[fʊt]	(n.) 脚；英尺；脚步；底部；音步(v.) 走；踏；结算；总计；共计
football	[ˈfʊtbɔːl]	[ˈfʊtbɔːl]	(n.) 足球；橄榄球；足球运动；橄榄球运动
force	[fɔːs]	[fɔːrs]	(n.) 力量；武力；势力；军队；影响力；效力(v.) 强迫；强制；强加；促使，推动；使发生（尤指趁他人尚未准备）
forger	[ˈfɔːdʒə(r)]	[ˈfɔːrdʒər]	(n.) 伪造者；锻造者
formation	[fɔːˈmeɪʃ(ə)n]	[fɔːrˈmeɪʃ(ə)n]	(n.) 形成；构成；组成；形成物；队形；编队；构造；地层
former	[ˈfɔːmə(r)]	[ˈfɔːrmər]	(adj.) 从前的；前者的；前任的(n.) 前者；前辈；过去的事情
formidable	[ˈfɔːmɪdəb(ə)l]	[ˈfɔːrmɪdəb(ə)l]	(adj.) 可怕的；令人敬畏的；难以对付的；强大的
fort	[fɔːt]	[fɔːrt]	(n.) 堡垒；要塞；城堡(v.) 设要塞保卫；为…设堡垒
fortune	[ˈfɔːtʃuːn]	[ˈfɔːrtʃən]	(n.) 财富；运气；命运；巨款；大量财产 (v.) 给予财富；偶然发生；命中注定
fosse	[fɔːs]	[fɑːs]	(n.) 壕沟；护城河
four	[fɔː(r)]	[fɔːr]	(n.) 四；四个 (adj.) 四的；四个的
foyer	[ˈfɔɪeɪ]	[ˈfɔɪər]	(n.) 门厅；休息室；（剧场等的）大堂
fracas	[ˈfrækɑː]	[ˈfreɪkəs]	(n.) 争吵；喧闹；打斗
fracture	[ˈfræktʃə(r)]	[ˈfræktʃər]	(n.) 骨折；断裂；破裂；裂痕 (v.) （使）骨折；（使）断裂；（使）破裂
fragile	[ˈfrædʒaɪl]	[ˈfrædʒ(ə)l]	(adj.) 易碎的；脆弱的；虚弱的；易损坏的
fragment	[ˈfræɡmənt]	[ˈfræɡmənt]	(n.) 碎片；片段；破片 (v.) （使）破碎；（使）分裂
franc	[fræŋk]	[fræŋk]	(n.) 法郎（曾是法国、比利时、瑞士等国的货币单位）
franchise	[ˈfræntʃaɪz]	[ˈfræntʃaɪz]	(n.) 特许经营权；选举权；经销权；加盟店 (v.) 给予特许经营；赋予选举权
front	[frʌnt]	[frʌnt]	(n.) 前面；正面；前线；（身体的）前部；外表 (adj.) 前面的；正面的；前部的 (v.) 面对；朝向；在……前面；对抗
fruit	[fruːt]	[fruːt]	(n.) 水果；果实；成果；产物；（植物的）子实 (v.) 结果实
frustration	[frʌˈstreɪʃ(ə)n]	[frʌˈstreɪʃ(ə)n]	(n.) 挫折；挫败感；受阻；沮丧
fugue	[fjuːɡ]	[fjuːɡ]	(n.) 赋格曲（一种多声部的音乐形式）；（精神分析中的）神游症
fun	[fʌn]	[fʌn]	(n.) 乐趣；玩笑；有趣的人（或事物） (adj.) 供娱乐用的；有趣的 (v.) 开玩笑；嘲弄
fusible	[ˈfjuːzɪb(ə)l]	[ˈfjuːzəbəl]	(adj.) 易熔的；可熔化的
fusillade	[ˌfjuːzəˈleɪd]	[ˌfjuːsəˈleɪd]	(n.) （枪炮等的）连续射击；一连串的批评（或质问等）
fusion	[ˈfjuːʒ(ə)n]	[ˈfjuːʒ(ə)n]	(n.) 融合；合并；核聚变；（音乐等的）融合风格
futile	[ˈfjuːtaɪl]	[ˈfjuːt(ə)l]	(adj.) 无用的；徒劳的；无价值的
gadget	[ˈɡædʒɪt]	[ˈɡædʒɪt]	(n.) 小器具；小玩意儿
gaffe	[ɡæf]	[ɡæf]	(n.) 失礼；失态；失言
gaffer	[ˈɡæfə(r)]	[ˈɡæfər]	(n.) 工头；领班；（对年长男人的称呼）老家伙；老头
gag	[ɡæɡ]	[ɡæɡ]	(v.) 塞住……的嘴；使缄默；限制言论自由；插科打诨 (n.) 塞口物；限制言论自由的手段；（喜剧演员的）插科打诨
gage	[ɡeɪdʒ]	[ɡeɪdʒ]	(n.) 抵押品；计量器；（测量用的）规、表规、表(v.) 以……为担保；判定
gain	[ɡeɪn]	[ɡeɪn]	(v.) 获得；赢得；增加；（钟、表等）走快；到达 (n.) 收获；利润；增加；获得物
gala	[ˈɡɑːlə]	[ˈɡeɪlə]	(n.) 庆典；盛会；节日 (adj.) 欢乐的；盛大的
gale	[ɡeɪl]	[ɡeɪl]	(n.) 大风；狂风；（突发的）一阵；（感情等的）爆发
gang	[ɡæŋ]	[ɡæŋ]	(n.) 一伙；一帮；一群；帮派；（工具等的）一套 (v.) 使结成一伙；合伙行动
gangster	[ˈɡæŋstə(r)]	[ˈɡæŋstər]	(n.) 匪徒；歹徒
garage	[ˈɡærɑːʒ]	[ɡəˈrɑːʒ]	(n.) 车库；汽车修理站；加油站 (v.) 把（汽车）开进车库；把（汽车）送去修理
gauche	[ɡəʊʃ]	[ɡəʊʃ]	(adj.) 笨拙的；不圆滑的；不擅社交的
gay	[ɡeɪ]	[ɡeɪ]	(adj.) 快乐的；欢快的；同性恋的（尤指男性）；鲜艳的 (n.) 同性恋者（尤指男性）
gazelle	[ɡəˈzel]	[ɡəˈzel]	(n.) 瞪羚
gel	[dʒel]	[dʒel]	(n.) 凝胶；冻胶(v.) 胶化；形成胶体；胶凝
gendarme	[ˈʒɒndɑːm]	[ˈʒɑːndɑːrm]	(n.) 宪兵；警察
genre	[ʒɒŋrə]	[ˈʒɑːnrə]	(n.) 类型；流派；体裁
gens	[dʒenz]	[dʒenz]	(n.) 氏族；部落；家族
gentleman	[ˈdʒent(ə)lmən]	[ˈdʒent(ə)lmən]	(n.) 绅士；先生；有身份的人
ghetto	[ˈɡetəʊ]	[ˈɡetəʊ]	(n.) 贫民区；犹太人聚居区；（城市中）少数民族聚居区
gigantesque	[ˌdʒaɪɡænˈtesk]	[ˌdʒaɪɡænˈtesk]	(adj.) 巨大的；庞大的；巨人似的
gin	[dʒɪn]	[dʒɪn]	(n.) 杜松子酒；轧棉机(v.) 用轧棉机去籽；用陷阱（或网）捕捉
glacial	[ˈɡleɪʃ(ə)l]	[ˈɡleɪʃl]	(adj.) 冰川的；冰河时代的；冰冷的；冷淡的
glacier	[ˈɡlæsiə(r)]	[ˈɡleɪʃər]	(n.) 冰川
gland	[ɡlænd]	[ɡlænd]	(n.) 腺体
global	[ˈɡləʊb(ə)l]	[ˈɡləʊb(ə)l]	(adj.) 全球的；总体的；球形的
globe	[ɡləʊb]	[ɡləʊb]	(n.) 地球；世界；地球仪；球体；灯泡
globule	[ˈɡlɒbjuːl]	[ˈɡlɑːbjuːl]	(n.) 小滴；小球体
gnome	[nəʊm]	[nəʊm]	(n.) 格言；箴言；土地神；地精（传说中的侏儒）
golf	[ɡɒlf]	[ɡɑːlf]	(n.) 高尔夫球运动 (v.) 打高尔夫球
gorge	[ɡɔːdʒ]	[ɡɔːrdʒ]	(n.) 峡谷；大量 (v.) 狼吞虎咽；塞饱
gourmand	[ˈɡʊəmənd]	[ˈɡʊrmɑːnd]	(n.) 贪吃的人；美食家
grade	[ɡreɪd]	[ɡreɪd]	(n.) 等级；年级；成绩；分数；(v.) 给……分等级；给……评分；将……按年级分组
graffiti	[ɡrəˈfiːti]	[ɡrəˈfiːti]	(n.) 涂鸦；涂鸦艺术；(graffito的复数形式)
grain	[ɡreɪn]	[ɡreɪn]	(n.) 谷物；谷粒；颗粒；纹理；少量；(v.) 使成粒状；使表面粗糙
gramme	[ɡræm]	[ɡræm]	(n.) 克（重量单位）
grand	[ɡrænd]	[ɡrænd]	(adj.) 宏伟的；壮丽的；重大的；主要的；豪华的；(n.) 大钢琴；一千美元
grandeur	[ˈɡrændʒə]	[ˈɡrændʒər]	(n.) 壮丽；宏伟；庄严；伟大
grandiose	[ˈɡrændiəʊs]	[ˈɡrændiəʊs]	(adj.) 宏伟的；堂皇的；浮夸的；宏大的
grange	[ɡreɪndʒ]	[ɡreɪndʒ]	(n.) 农庄；农场；田庄
gratis	[ˈɡrætɪs]	[ˈɡrætɪs]	(adj.) 免费的；无偿的(adv.) 免费地；无偿地
gratitude	[ˈɡrætɪtjuːd]	[ˈɡrætɪtuːd]	(n.) 感激；感恩之情
grave	[ɡreɪv]	[ɡreɪv]	(adj.) 严重的；严肃的；庄重的；重大的；低沉的(n.) 坟墓；死亡；沉音符(v.) 雕刻；铭记
graver	[ˈɡreɪvə(r)]	[ˈɡreɪvər]	(n.) 雕刻刀；刻纹针(adj.) 更严重的；更严肃的（grave的比较级）
grenade	[ɡrəˈneɪd]	[ɡrəˈneɪd]	(n.) 手榴弹；枪榴弹；灭火弹
grille	[ɡrɪl]	[ɡrɪl]	(n.) 格栅；栅栏；烤架；（汽车的）散热器护栅
grimace	[ɡrɪˈmeɪs]	[ˈɡrɪməs]	(v.) 扮鬼脸；作怪相(n.) 鬼脸；怪相
grotesque	[ɡrəʊˈtesk]	[ɡrəʊˈtesk]	(adj.) 怪诞的；奇异的；丑陋的；荒唐的(n.) （文学、艺术作品中的）怪诞形象；怪异的人或事
grouper	[ˈɡruːpə(r)]	[ˈɡruːpər]	(n.) 石斑鱼
guide	[ɡaɪd]	[ɡaɪd]	(n.) 导游；向导；指南；手册；指导者；指引物(v.) 引导；指导；为…领路；指导（某人的行为、学业等） 
guise	[ɡaɪz]	[ɡaɪz]	(n.) 伪装；外表；姿态；（文学作品等中的）题材(v.) 伪装；假扮
gym	[dʒɪm]	[dʒɪm]	(n.) 健身房；体育馆；（非正式）体育锻炼；体育课
ha	[hɑː]	[hɑː]	(int.) 哈（表示惊讶、得意、怀疑等）
habit	[ˈhæbɪt]	[ˈhæbɪt]	(n.) 习惯；习性；（动植物的）生活方式；（教士、修女等穿的）长袍(v.) 给…穿衣服；打扮
habitant	[ˈhæbɪtənt]	[ˈhæbətənt]	(n.) 居民；居住者
habitude	[ˈhæbɪtjuːd]	[ˈhæbətjuːd]	(n.) 习惯；习性
hall	[hɔːl]	[hɔːl]	(n.) 门厅；大厅；礼堂；会堂；（大学的）学生宿舍；走廊
hallucination	[həˌluːsɪˈneɪʃ(ə)n]	[həˌluːsɪˈneɪʃ(ə)n]	(n.) 幻觉；幻想；错觉
hamburger	[ˈhæmbɜːɡə(r)]	[ˈhæmbɜːrɡər]	(n.) 汉堡包；碎牛肉；牛肉饼
hamster	[ˈhæmstə(r)]	[ˈhæmstər]	(n.) 仓鼠
handicap	[ˈhændikæp]	[ˈhændikæp]	(n.) 障碍；不利条件；（使行动不便的）残疾；（比赛中的）让分；让步赛(v.) 妨碍；阻碍；使不利
hangar	[ˈhæŋə(r)]	[ˈhæŋər]	(n.) 飞机库；机棚
hauteur	[əʊˈtɜː(r)]	[hɔːˈtɜːr]	(n.) 傲慢；自大
hectare	[ˈhekteə]	[ˈhekter]	(n.) 公顷（面积单位）
hippie	[ˈhɪpi]	[ˈhɪpi]	(n.) 嬉皮士
hobby	[ˈhɒbi]	[ˈhɑːbi]	(n.) 业余爱好；嗜好
hockey	[ˈhɒki]	[ˈhɑːki]	(n.) 曲棍球；冰球
hold-up	[ˈhəʊld ʌp]	[ˈhəʊld ʌp]	(n.) 抢劫；停顿；延误；支撑物
homicide	[ˈhɒmɪsaɪd]	[ˈhɑːmɪsaɪd]	(n.) 杀人；杀人犯；杀人罪
honorable	[ˈɒnərəb(ə)l]	[ˈɑːnərəb(ə)l]	(adj.) 可敬的；值得尊敬的；体面的；正直的；（美）荣誉的；光荣的
horde	[hɔːd]	[hɔːrd]	(n.) 一大群；游牧部落；（尤指）移动的人群
horizon	[həˈraɪz(ə)n]	[həˈraɪz(ə)n]	(n.) 地平线；视野；范围；（思想、知识等的）眼界
hormone	[ˈhɔːməʊn]	[ˈhɔːrməʊn]	(n.) 激素；荷尔蒙
horoscope	[ˈhɒrəskəʊp]	[ˈhɔːrəskəʊp]	(n.) 占星术；星象；星座运势
horrible	[ˈhɒrəb(ə)l]	[ˈhɔːrəb(ə)l]	(adj.) 可怕的；极讨厌的；糟糕的
hors	[ɔː]	[ɔː]	（法语）除……之外
hospice	[ˈhɒspɪs]	[ˈhɑːspɪs]	(n.) 临终关怀医院；收容所；济贫院
hostile	[ˈhɒstaɪl]	[ˈhɑːst(ə)l]	(adj.) 敌对的；敌方的；怀敌意的(n.) 敌对者；敌方
hot dog	[ˈhɒt dɒɡ]	[ˈhɑːt dɔːɡ]	(n.)热狗（中间夹有香肠等馅料的面包）
hot-dog	[ˈhɒt dɒɡ]	[ˈhɑːt dɔːɡ]	(n.) 热狗（中间夹有香肠等馅料的面包）
hum	[hʌm]	[hʌm]	(v.) 发出嗡嗡声；哼唱；忙碌；活跃起来(n.) 嗡嗡声；嘈杂声；哼唱声
humble	[ˈhʌmb(ə)l]	[ˈhʌmb(ə)l]	(adj.) 谦逊的；简陋的；（级别或地位）低下的(v.) 使谦卑；使感到自惭形秽
humiliation	[hjuːˌmɪliˈeɪʃ(ə)n]	[hjuːˌmɪliˈeɪʃ(ə)n]	(n.) 羞辱；蒙羞；耻辱
humour	[ˈhjuːmə(r)]	[ˈhjuːmər]	(n.) 幽默；诙谐；心情；体液（旧时医学概念）(v.) 迎合；迁就
hurler	[hɜːlə(r)]	[hɜːrlər]	(n.) 投手；投掷者（尤指棒球中的投手或从事投掷运动的人）
hyper	[ˈhaɪpə(r)]	[ˈhaɪpər]	(adv.) 非常；极其(adj.) 亢奋的；高度紧张的(n.) 宣传人员；炒作
hypocrite	[ˈhɪpəkrɪt]	[ˈhɪpəkrɪt]	(n.) 伪君子；伪善者（假装具有某种品德或信仰，实际并非如此的人）
identification	[aɪˌdentɪfɪˈkeɪʃ(ə)n]	[aɪˌdentɪfɪˈkeɪʃ(ə)n]	(n.) 识别；鉴定；身份证明；确认
identifier	[aɪˈdentɪfaɪə(r)]	[aɪˈdentɪfaɪər]	(n.) 标识符；识别符；识别器
idiot	[ˈɪdiət]	[ˈɪdiət]	(n.) 白痴；笨蛋；傻瓜
ignoble	[ɪɡˈnəʊb(ə)l]	[ɪɡˈnəʊb(ə)l]	(adj.) 卑鄙的；不光彩的；卑贱的
ignorance	[ˈɪɡnərəns]	[ˈɪɡnərəns]	(n.) 无知；愚昧；不知道
ignorant	[ˈɪɡnərənt]	[ˈɪɡnərənt]	(adj.) 无知的；愚昧的；不知道的
illusion	[ɪˈluːʒ(ə)n]	[ɪˈluːʒ(ə)n]	(n.) 幻觉；错觉；幻想；假象
image	[ˈɪmɪdʒ]	[ˈɪmɪdʒ]	(n.) 形象；影像；图像；肖像；概念(v.) 想象；描绘；反映
imagination	[ɪˌmædʒɪˈneɪʃ(ə)n]	[ɪˌmædʒɪˈneɪʃ(ə)n]	(n.) 想象；想象力；幻想；空想
imitation	[ˌɪmɪˈteɪʃ(ə)n]	[ˌɪmɪˈteɪʃ(ə)n]	(n.) 模仿；仿造；仿制品；赝品
immature	[ˌɪməˈtjʊə(r)]	[ˌɪməˈtʃʊr]	(adj.) 不成熟的；未成熟的；幼稚的
immense	[ɪˈmens]	[ɪˈmens]	(adj.) 巨大的；广大的；无边无际的；非常好的
immigration	[ˌɪmɪˈɡreɪʃ(ə)n]	[ˌɪmɪˈɡreɪʃ(ə)n]	(n.) 移民；移居；移民入境
imminent	[ˈɪmɪnənt]	[ˈɪmɪnənt]	(adj.) 即将发生的；逼近的；危急的
immobile	[ɪˈməʊbaɪl]	[ɪˈməʊb(ə)l]	(adj.) 不动的；固定的；不能活动的
immoral	[ɪˈmɒrəl]	[ɪˈmɔːrəl]	(adj.) 不道德的；邪恶的；放荡的
impact	[ˈɪmpækt]	[ˈɪmpækt]	(n.) 影响；冲击力；撞击(v.) 影响；撞击；冲击
impasse	[ˈɪmpæs]	[ˈɪmpæs]	(n.) 僵局；死路；绝境
impatience	[ɪmˈpeɪʃ(ə)ns]	[ɪmˈpeɪʃ(ə)ns]	(n.) 不耐烦；急躁；急切
impatient	[ɪmˈpeɪʃ(ə)nt]	[ɪmˈpeɪʃ(ə)nt]	(adj.) 不耐烦的；急躁的；急切的；渴望的
impeccable	[ɪmˈpekəb(ə)l]	[ɪmˈpekəb(ə)l]	(adj.) 无可挑剔的；无瑕疵的；完美的
implant	[ɪmˈplɑːnt]	[ɪmˈplænt]	(v.) 植入；灌输；插入(n.) 植入物；植入片
implication	[ˌɪmplɪˈkeɪʃ(ə)n]	[ˌɪmplɪˈkeɪʃ(ə)n]	(n.) 含义；暗示；牵连；可能的影响
importance	[ɪmˈpɔːt(ə)ns]	[ɪmˈpɔːrt(ə)ns]	(n.) 重要性；重要意义；重大
important	[ɪmˈpɔːt(ə)nt]	[ɪmˈpɔːrt(ə)nt]	(adj.) 重要的；重大的；有地位的；有权力的
importer	[ɪmˈpɔːtə(r)]	[ɪmˈpɔːrtər]	(n.) 进口商；输入者
impossible	[ɪmˈpɒsəb(ə)l]	[ɪmˈpɑːsəb(ə)l]	(adj.) 不可能的；办不到的；难以忍受的
impression	[ɪmˈpreʃ(ə)n]	[ɪmˈpreʃ(ə)n]	(n.) 印象；感想；印记；压痕；印次
improbable	[ɪmˈprɒbəb(ə)l]	[ɪmˈprɑːbəbl]	(adj.) 不大可能的；未必会发生的
imprudent	[ɪmˈpruːd(ə)nt]	[ɪmˈpruːd(ə)nt]	(adj.) 轻率的；鲁莽的；不谨慎的
impuissance	[ɪmˈpjuːɪs(ə)ns]	[ɪmˈpjuːɪsəns]	(n.) 无力；虚弱；无效
impuissant	[ɪmˈpjuːɪsənt]	[ɪmˈpjuːɪsənt]	(adj.) 无力的；虚弱的；无效的
impulsion	[ɪmˈpʌlʃ(ə)n]	[ɪmˈpʌlʃ(ə)n]	(n.) 冲动；推动；驱使
inacceptable	[ˌɪnəkˈseptəb(ə)l]	[ˌɪnəkˈseptəb(ə)l]	(adj.) 不能接受的；不受欢迎的
inaccessible	[ˌɪnækˈsesəb(ə)l]	[ˌɪnækˈsesəb(ə)l]	(adj.) 难以到达的；不可及的；无法接近的；得不到的
inadmissible	[ˌɪnədˈmɪsəb(ə)l]	[ˌɪnədˈmɪsəb(ə)l]	(adj.)  inadmissible不可接受的； inadmissible不能采纳的； inadmissible inadmissible不准许的
inaudible	[ɪnˈɔːdəb(ə)l]	[ɪnˈɔːdəb(ə)l]	(adj.) 听不见的；不可闻的
inauguration	[ɪˌnɔːɡjəˈreɪʃ(ə)n]	[ɪˌnɔːɡjəˈreɪʃ(ə)n]	(n.) 就职典礼；开幕式；开创；开始
incapable	[ɪnˈkeɪpəb(ə)l]	[ɪnˈkeɪpəb(ə)l]	(adj.) 无能力的；不能的；不会的
incertitude	[ɪnˈsɜːtɪtjuːd]	[ɪnˈsətɪˌtud]	(n.) 不确定；疑惑；无把握
incident	[ˈɪnsɪdənt]	[ˈɪnsɪdənt]	(n.) 事件；事变；插曲；事故(adj.) 容易发生的；伴随而来的
incision	[ɪnˈsɪʒ(ə)n]	[ɪnˈsɪʒ(ə)n]	(n.) 切口；切开；雕刻；伤口
incorrect	[ˌɪnkəˈrekt]	[ˌɪnkəˈrekt]	(adj.) 不正确的；错误的；不适当的
incurable	[ɪnˈkjʊərəb(ə)l]	[ɪnˈkjʊrəb(ə)l]	(adj.) 无法治愈的；不可救药的；不能矫正的
index	[ˈɪndeks]	[ˈɪndeks]	(n.) 索引；指数；指标；（数学）指数；（复数时也可指）根指数；标志 (v.) 为……编索引；将……编入索引；使指数化；表明；指示
indication	[ˌɪndɪˈkeɪʃ(ə)n]	[ˌɪndɪˈkeɪʃ(ə)n]	(n.) 迹象；指示；象征；表明；标示
indispensable	[ˌɪndɪˈspensəb(ə)l]	[ˌɪndɪˈspensəb(ə)l]	(adj.) 不可或缺的；必需的 (n.) 不可缺少的人（或物）
indulgence	[ɪnˈdʌldʒəns]	[ɪnˈdʌldʒəns]	(n.) 放纵；宽容；溺爱；嗜好；沉溺
indulgent	[ɪnˈdʌldʒənt]	[ɪnˈdʌldʒənt]	(adj.) 放纵的；宽容的；溺爱的
inestimable	[ɪnˈestɪməb(ə)l]	[ɪnˈestɪməb(ə)l]	(adj.) 难以估量的；无法估计的；非常宝贵的
inexplicable	[ˌɪnɪkˈsplɪkəb(ə)l]	[ˌɪnɪkˈsplɪkəb(ə)l]	(adj.) 无法解释的；莫名其妙的
infantile	[ˈɪnfəntaɪl]	[ˈɪnfəntaɪl]	(adj.) 婴儿的；幼儿的；孩子气的；幼稚的
infect	[ɪnˈfekt]	[ɪnˈfekt]	(v.) 传染；感染；使感染；使受影响；使（计算机）感染病毒
infection	[ɪnˈfekʃ(ə)n]	[ɪnˈfekʃ(ə)n]	(n.) 感染；传染病；侵染；影响；（道德等方面的）腐蚀
infernal	[ɪnˈfɜːn(ə)l]	[ɪnˈfɜːrn(ə)l]	(adj.) 地狱的；恶魔似的；可憎的；极讨厌的
influence	[ˈɪnfluəns]	[ˈɪnfluəns]	(n.) 影响；影响力；势力；权势；有影响的人（或事物）(v.) 影响；对……起作用；支配；左右
influent	[ˈɪnflʊənt]	[ˈɪnflʊənt]	(adj.) 流入的；影响他人的 (n.) 支流；有影响力的人或事物
info	[ˈɪnfəʊ]	[ˈɪnfəʊ]	(n.) 信息（information的非正式说法）
information	[ˌɪnfəˈmeɪʃ(ə)n]	[ˌɪnfərˈmeɪʃ(ə)n]	(n.) 信息；消息；情报；资料；资讯
informer	[ɪnˈfɔːmə(r)]	[ɪnˈfɔːrmər]	(n.) 告密者；告发者；提供消息者
infraction	[ɪnˈfrækʃ(ə)n]	[ɪnˈfrækʃ(ə)n]	(n.) 违反；违背；犯规；违法行为
initial	[ɪˈnɪʃ(ə)l]	[ɪˈnɪʃ(ə)l]	(adj.) 开始的；最初的(n.) （姓名等的）首字母(v.) 用姓名的首字母签名
initiative	[ɪˈnɪʃətɪv]	[ɪˈnɪʃətɪv]	(n.) 倡议；新方案；主动性；积极性；主动权(adj.) 主动的；自发的；起始的
injection	[ɪnˈdʒekʃ(ə)n]	[ɪnˈdʒekʃ(ə)n]	(n.) 注射；注入；大量资金的投入；（卫星等的）入轨
injure	[ˈɪndʒə(r)]	[ˈɪndʒər]	(v.) 伤害；损害；使受伤
injustice	[ɪnˈdʒʌstɪs]	[ɪnˈdʒʌstɪs]	(n.) 不公正；非正义；不公平的事
innocence	[ˈɪnəs(ə)ns]	[ˈɪnəs(ə)ns]	(n.) 无罪；无辜；天真无邪；清白
innocent	[ˈɪnəs(ə)nt]	[ˈɪnəs(ə)nt]	(adj.) 无辜的；无罪的；天真的；无害的 (n.) 无辜者；天真无邪的人
insatiable	[ɪnˈseɪʃəb(ə)l]	[ɪnˈseɪʃəb(ə)l]	(adj.) 不知足的；贪得无厌的
inscription	[ɪnˈskrɪpʃ(ə)n]	[ɪnˈskrɪpʃ(ə)n]	(n.) 铭文；碑文；题字；铭刻
insensible	[ɪnˈsensəb(ə)l]	[ɪnˈsensəb(ə)l]	(adj.) 无感觉的；失去知觉的；（因太小、太不重要等）未被注意到的
insolence	[ˈɪnsələns]	[ˈɪnsələns]	(n.) 无礼；傲慢；傲慢的行为
insolent	[ˈɪnsələnt]	[ˈɪnsələnt]	(adj.) 无礼的；傲慢的
insouciant	[ɪnˈsuːsiənt]	[ɪnˈsuːsiənt]	(adj.) 漫不经心的；漠不关心的；无忧无虑的
inspection	[ɪnˈspekʃ(ə)n]	[ɪnˈspekʃ(ə)n]	(n.) 检查；视察；审视
inspiration	[ˌɪnspəˈreɪʃ(ə)n]	[ˌɪnspəˈreɪʃ(ə)n]	(n.) 灵感；鼓舞；启发；吸气；妙计
installation	[ˌɪnstəˈleɪʃ(ə)n]	[ˌɪnstəˈleɪʃ(ə)n]	(n.) 安装；装置；就职；设施
installer	[ɪnsˈtɔːlə(r)]	[ɪnsˈtɔːlər]	(n.) 安装者；安装工人；安装程序
instant	[ˈɪnstənt]	[ˈɪnstənt]	(adj.) 立即的；紧急的；速食的；即溶的；方便的 (n.) 瞬间；片刻
instinct	[ˈɪnstɪŋkt]	[ˈɪnstɪŋkt]	(n.) 本能；直觉；天性
institution	[ˌɪnstɪˈtjuːʃ(ə)n]	[ˌɪnstɪˈtuːʃ(ə)n]	(n.) 机构；制度；习俗；建立
instruction	[ɪnˈstrʌkʃ(ə)n]	[ɪnˈstrʌkʃ(ə)n]	(n.) 指示；命令；用法说明；教学；教诲
instrument	[ˈɪnstrəmənt]	[ˈɪnstrəmənt]	(n.) 仪器；工具；乐器；手段；文件 (v.) 用仪器装备；向…提交文书
insupportable	[ˌɪnsəˈpɔːtəb(ə)l]	[ˌɪnsəˈpɔːrtəb(ə)l]	(adj.) 难以忍受的；不能支持的
intact	[ɪnˈtækt]	[ɪnˈtækt]	(adj.) 完整的；原封不动的；未受损伤的
intelligence	[ɪnˈtelɪdʒəns]	[ɪnˈtelɪdʒəns]	(n.) 智力；才智；智慧；情报；情报机构
intelligent	[ɪnˈtelɪdʒənt]	[ɪnˈtelɪdʒənt]	(adj.) 聪明的；智能的；有智力的；明智的
intense	[ɪnˈtens]	[ɪnˈtens]	(adj.) 强烈的；紧张的；剧烈的；热情的；专心的
intention	[ɪnˈtenʃ(ə)n]	[ɪnˈtenʃ(ə)n]	(n.) 意图；目的；打算；（愈合的）意念
intercepter	[ɪntɜːˈseptə(r)]	[ɪntɜˈseptər]	(n.) 拦截者；截击机
interdiction	[ˌɪntəˈdɪkʃ(ə)n]	[ˌɪntərˈdɪkʃ(ə)n]	(n.) 禁止；制止；封锁
interminable	[ɪnˈtɜːmɪnəb(ə)l]	[ɪnˈtɜːrmɪnəb(ə)l]	(adj.) 无休止的；无限的；冗长的
international	[ˌɪntəˈnæʃnəl]	[ˌɪntərˈnæʃnəl]	(adj.) 国际的；国际上的(n.) 国际比赛；国际比赛选手
interne	[ˈɪnˌtɜːn]	[ˈɪnˌtən]	(n.) 实习医生
interrogation	[ɪnˌterəˈɡeɪʃ(ə)n]	[ɪnˌterəˈɡeɪʃ(ə)n]	(n.) 讯问；审问；质问
interruption	[ˌɪntəˈrʌpʃ(ə)n]	[ˌɪntəˈrʌpʃ(ə)n]	(n.) 中断；干扰；障碍物
intervention	[ˌɪntəˈvenʃ(ə)n]	[ˌɪntərˈvenʃ(ə)n]	(n.) 干涉；干预；介入；（为解决争端等的）调解
intrigue	[ɪnˈtriːɡ]	[ɪnˈtriːɡ]	(v.) 激起…的兴趣；密谋；私通(n.) 阴谋；诡计；私通；神秘的事物
intriguer	[ɪnˈtriːɡə(r)]	[ɪnˈtriːɡər]	(n.) 阴谋者；私通者
introduction	[ˌɪntrəˈdʌkʃ(ə)n]	[ˌɪntrəˈdʌkʃ(ə)n]	(n.) 介绍；引进；引言；导论；介绍信；推荐人
intrusion	[ɪnˈtruːʒ(ə)n]	[ɪnˈtruːʒ(ə)n]	(n.) 侵入；闯入；侵扰
intuition	[ˌɪntjuˈɪʃ(ə)n]	[ˌɪntuˈɪʃ(ə)n]	(n.) 直觉；直觉力；直觉感知的事
inutile	[ɪnˈjuːtɪl]	[ɪnˈjuːtɪl]	(adj.) 无用的；无益的；无价值的
invasion	[ɪnˈveɪʒ(ə)n]	[ɪnˈveɪʒ(ə)n]	(n.) 入侵；侵略；侵犯；侵袭；（疾病等的）发作
invention	[ɪnˈvenʃ(ə)n]	[ɪnˈvenʃ(ə)n]	(n.) 发明；发明物；创意；虚构；编造，创造新事物、方法的行为或产物，也可指虚构的内容
inverse	[ˌɪnˈvɜːs]	[ˌɪnˈvɜːrs]	(adj.) 相反的；倒转的；(n.) 相反；倒转；反数；(v.) 使倒转；使颠倒，与正常情况相反或颠倒
investigation	[ɪnˌvestɪˈɡeɪʃ(ə)n]	[ɪnˌvestɪˈɡeɪʃ(ə)n]	(n.) 调查，对某事物进行系统的研究、了解，以获取相关信息、查明真相的行为
invincible	[ɪnˈvɪnsəb(ə)l]	[ɪnˈvɪnsəb(ə)l]	(adj.) 不可战胜的，无敌的；无法克服的
invisible	[ɪnˈvɪzəb(ə)l]	[ɪnˈvɪzəb(ə)l]	(adj.) 看不见的，无形的；不显眼的，隐匿的(n.) 隐形人（或物）
invitation	[ˌɪnvɪˈteɪʃ(ə)n]	[ˌɪnvɪˈteɪʃ(ə)n]	(n.) 邀请，招待；请柬；吸引，诱惑；诱因
inviter	[ɪnˈvaɪtə(r)]	[ɪnˈvaɪtər]	(n.) 邀请者，招待者
iris	[ˈaɪrɪs]	[ˈaɪrɪs]	(n.) 鸢尾花；虹膜；彩虹色
irruption	[ɪˈrʌpʃ(ə)n]	[ɪˈrʌpʃ(ə)n]	(n.) 闯入；侵入；激剧繁殖
islam	[ˈɪzlɑːm]	[ɪsˈlɑːm]	(n.) 伊斯兰教
issue	[ˈɪʃuː]	[ˈɪʃuː]	(n.) 问题；议题；（报刊的）一期；发行物；发行；分发；流出；（子女的）后代(v.) 发行；发布；分发；发给；流出；发出；造成……结果；由……产生
jalousie	[ˈʒælʊziː]	[ˈʒælʊziː]	(n.) 百叶窗；软百叶窗
jazz	[dʒæz]	[dʒæz]	(n.) 爵士乐；空谈；闲聊(v.) 奏爵士乐；跳爵士舞；空谈；游荡
jean	[dʒiːn]	[dʒiːn]	(n.) 斜纹棉布；牛仔裤（常用复数形式jeans）
jeep	[dʒiːp]	[dʒiːp]	(n.) 吉普车；小型越野汽车
jet	[dʒet]	[dʒet]	(n.) 喷气式飞机；喷射流；喷嘴；黑玉(adj.) 乌黑发亮的(v.) 乘喷气式飞机旅行；喷射
job	[dʒɒb]	[dʒɑːb]	(n.) 工作；职业；任务；（一件）工作；职责；作业(v.) 承包；代客买卖；临时雇用；加工；作零工
jogging	[ˈdʒɒɡɪŋ]	[ˈdʒɑːɡɪŋ]	(n.) 慢跑；（对身体的）轻微震动(jog的现在分词形式)
joint	[dʒɔɪnt]	[dʒɔɪnt]	(n.) 关节；接头；接缝；（牛、羊等的）大块肉(adj.) 联合的；共同的；连接的；合办的(v.) 连接；接合；使有接头；把……切成大块
joker	[ˈdʒəʊkə(r)]	[ˈdʒəʊkər]	(n.) 爱开玩笑的人；诙谐的人；（纸牌中的）百搭牌；难题；不易处理的事
journal	[ˈdʒɜːn(ə)l]	[ˈdʒɜːrn(ə)l]	(n.) 日记；日志；期刊；杂志；日记账
jungle	[ˈdʒʌŋɡl]	[ˈdʒʌŋɡl]	(n.) 丛林；密林；危险地带；杂乱的一堆(adj.) 丛林的；蛮荒的
junior	[ˈdʒuːniə(r)]	[ˈdʒuːniər]	(adj.) 地位较低的；青少年的；年少的；（美国中学或大学）三年级的(n.) 年少者；晚辈；地位较低者；（美国中学或大学的）三年级学生
junkie	[ˈdʒʌŋki]	[ˈdʒʌŋki]	(n.) 吸毒成瘾者；爱好者；着迷的人
jury	[ˈdʒʊəri]	[ˈdʒʊri]	(n.) 陪审团；评判委员会 
justice	[ˈdʒʌstɪs]	[ˈdʒʌstɪs]	(n.) 正义；公正；公平；司法；法官
justifier	[ˈdʒʌstɪfaɪə(r)]	[ˈdʒʌstəˌfaɪər]	(n.) 辩护者；辩解者；证明者
karma	[ˈkɑːmə]	[ˈkɑːrmə]	(n.) 业；因果报应；命运
ketchup	[ˈketʃəp]	[ˈketʃəp]	(n.) 番茄酱
kid	[kɪd]	[kɪd]	(n.) 小孩；年轻人；小山羊；小山羊皮制品(v.) 欺骗；哄骗；开玩笑
kidnapper	[ˈkɪdnæpə(r)]	[ˈkɪdnæpər]	(n.) 绑匪；绑架者
kidnapping	[ˈkɪdnæpɪŋ]	[ˈkɪdnæpɪŋ]	(n.) 绑架；劫持
kilo	[ˈkiːləʊ]	[ˈkiːləʊ]	(n.) 千克；公里；千（前缀，表示1000）
kit	[kɪt]	[kɪt]	(n.) 成套工具；成套设备；一套衣服；（纸牌中的）一组同花牌；小猫；小驹(v.) 装备；配备
labourer	[ˈleɪbərə(r)]	[ˈleɪbərər]	(n.) 体力劳动者；工人
laid	[leɪd]	[leɪd]	(v.) lay的过去式和过去分词，放置；安放；铺；涂；产卵；使处于（特定状态）；提出；下（赌注）
lame	[leɪm]	[leɪm]	(adj.) 跛的；瘸的；站不住脚的；无说服力的  (v.) 使跛；使成残废；变跛。
lamentable	[ləˈmentəb(ə)l]	[ləˈmentəbəl]	(adj.) 可悲的；令人惋惜的；拙劣的。
lance	[lɑːns]	[læns]	(n.) 长矛；标枪；（外科用的）柳叶刀  (v.) 用矛刺；用柳叶刀割开；投（矛等）。
lard	[lɑːd]	[lɑːrd]	(n.) 猪油(v.) 涂猪油于；润色（文章等）；夹杂（外语词等）
large	[lɑːdʒ]	[lɑːrdʒ]	(adj.) 大的；大规模的；大量的；广泛的；大号的；重要的(adv.) 大大地；夸大地(n.) 大
laser	[ˈleɪzə(r)]	[ˈleɪzər]	(n.) 激光；激光器
lavage	[ˈlævɪdʒ]	[ˈlævɪdʒ]	(n.) 灌洗；洗胃(v.) 灌洗；洗胃
lave	[leɪv]	[leɪv]	(v.) 洗涤；沐浴；（水流）冲刷；（用液体）冲洗
laver	[ˈlɑːvə(r)]	[ˈlɑːvər]	(n.) 紫菜；洗涤盆；（基督教的）洗礼盆
leader	[ˈliːdə(r)]	[ˈliːdər]	(n.) 领导者；领袖；首领；指挥者；领先者
lecture	[ˈlektʃə(r)]	[ˈlektʃər]	(n.) 讲座；讲课；演讲；教训；训斥(v.) 开讲座；讲授；讲课；教训；训斥
lent	[lent]	[lent]	(v.) lend（借出；借给；贷给；给予；增添）的过去式和过去分词
lever	[ˈliːvə(r)]	[ˈlevər]	(n.) 杠杆；控制杆；手段；方法(v.) 用杠杆撬动；（用杠杆）移动
liaison	[liˈeɪz(ə)n]	[liːˈeɪzɑːn]	(n.) 联络；联系；（尤指秘密的）恋情；（语音）连音 (v.) （与……）建立联系；（与……）联络
licence	[ˈlaɪs(ə)ns]	[ˈlaɪs(ə)ns]	(n.) 许可证；执照；特许经营权；（官方）许可；自由；放肆（英式英语拼写，等同于license）
lien	[ˈliːən]	[ˈliːən]	(n.) 留置权，一种法定的担保物权，债权人按照合同约定占有债务人的财产，在债务人不履行债务时，债权人有权依法以该财产折价或者以拍卖、变卖该财产的价款优先受偿
lier	[ˈlaɪə(r)]	[ˈlaɪər]	(n.) 躺卧者；说谎者（lie的名词形式变体，较少使用）
lieu	[luː]	[luː]	(n.) 代替；替代（常用于短语in lieu of，表示“代替”）
lieutenant	[lefˈtenənt]	[luːˈtenənt]	(n.) 中尉；少尉（陆军、空军、海军陆战队军衔）；（海军）上尉
light	[laɪt]	[laɪt]	(n.) 光；光线；灯；打火机；领悟；眼神；亮色部分；（绘画中的）亮部 (adj.) 明亮的；浅色的；轻的；少量的；轻松的；（食物）清淡的；（酒）低度的 (v.) 点燃；照亮；用光指引；（使）容光焕发；（使）发亮；（使）变轻；减轻；（鸟）停落；从……下来 (adv.) 轻地；轻装地
lingerie	[ˈlɒ̃ʒəri]	[ˌlɑːndʒəˈreɪ]	(n.) 女式内衣；女用贴身衣物。
lion	[ˈlaɪən]	[ˈlaɪən]	(n.) 狮子；勇猛的人；名人；（作为英国国徽的）狮子纹章。
liqueur	[lɪˈkjʊə(r)]	[lɪˈkɜːr]	(n.) 利口酒，一种餐后甜酒，通常含有水果、香料、花等风味。
lit	[lɪt]	[lɪt]	(v.) light的过去式和过去分词，意为“点燃；照亮；使发光”；(adj.) 照亮的；点燃的
litre	[ˈliːtə(r)]	[ˈliːtər]	(n.) 升（容量单位，英式英语拼写为litre，美式英语为liter）
live	[lɪv]	[lɪv]	(v.) 居住；生活；生存；活着；过（某种生活）(adj.) 活的；有生命的；现场直播的；实况转播的；当前所关心的；（火）燃烧着的；含乳酸菌的 (adv.) 现场直播地；实况转播地
lobe	[ləʊb]	[ləʊb]	(n.) 叶；裂片；耳垂；（脑、肺等的）叶
local	[ˈləʊk(ə)l]	[ˈləʊk(ə)l]	(adj.) 当地的；地方的；局部的；本地的 (n.) 当地人；本地人
location	[ləʊˈkeɪʃ(ə)n]	[ləʊˈkeɪʃ(ə)n]	(n.) 位置；地点；场所；外景拍摄地；定位
locomotive	[ˌləʊkəˈməʊtɪv]	[ˌləʊkəˈməʊtɪv]	(n.) 机车；火车头 (adj.) 移动的；运动的；运载的
loin	[lɔɪn]	[lɔɪn]	(n.) 腰部；（牛、羊等的）腰肉
long	[lɒŋ]	[lɔːŋ]	(adj.) 长的；长时间的；远的；冗长的 (adv.) 长期地；长久地 (n.) 长时间；长音节；长元音 (v.) 渴望；极想
longer	[ˈlɒŋɡə(r)]	[ˈlɔːŋɡər]	(adj.) long的比较级，更长的；更久的(adv.) 更长时间；更久地
look	[lʊk]	[lʊk]	(v.) 看；瞧；看起来；显得；寻找；注意；面向(n.) 看；瞧；表情；样子；相貌
lot	[lɒt]	[lɑːt]	(n.) 许多；大量；命运；签；一块地；一批；一套 (v.) 划分；分配
lover	[ˈlʌvə(r)]	[ˈlʌvər]	(n.) 情人；爱人；爱好者
loyal	[ˈlɔɪəl]	[ˈlɔɪəl]	(adj.) 忠诚的；忠实的；忠贞的
lustre	[ˈlʌstə(r)]	[ˈlʌstər]	(n.) 光泽；光彩；荣誉；声望 (v.) 使有光泽；发亮
macabre	[məˈkɑːbrə]	[məˈkɑːbrə]	(adj.) 可怕的；骇人的；令人毛骨悚然的
macaroni	[ˌmækəˈrəʊni]	[ˌmækəˈrəʊni]	(n.) 通心粉；意大利面制品
machine	[məˈʃiːn]	[məˈʃiːn]	(n.) 机器；机械装置；机构；（政党等的）核心组织(v.) 用机器制造；用机器加工
macho	[ˈmætʃəʊ]	[ˈmɑːtʃəʊ]	(adj.) 大男子气概的；男子气的(n.) 具有大男子气概的男人
madame	[ˈmædəm]	[ˈmædəm]	(n.) （法）夫人；太太（用于已婚女子姓名前的尊称）
mademoiselle	[ˌmædəmwəˈzel]	[ˌmædəməˈzel]	(n.) （法）小姐（用于未婚女子姓名前的尊称）
maestro	[ˈmaɪstrəʊ]	[ˈmaɪstrəʊ]	(n.) 音乐大师；艺术大师
magazine	[ˌmæɡəˈziːn]	[ˈmæɡəziːn]	(n.) 杂志；期刊；弹药库；弹仓；胶卷盒
mail	[meɪl]	[meɪl]	(n.) 邮件；信件；邮政(v.) 邮寄（作为名词指邮件相关事物；作为动词指通过邮政系统发送）
main	[meɪn]	[meɪn]	(adj.) 主要的；最重要的；最大的(n.) 主要部分；要点；主要设备(adv.) 主要地
maintenance	[ˈmeɪntənəns]	[ˈmeɪntənəns]	(n.) 维护；维修；保养；维持；抚养费
major	[ˈmeɪdʒə(r)]	[ˈmeɪdʒər]	(adj.) 主要的；重要的；重大的；主修的(n.) 主修科目；少校；专业(v.) 主修
maladroit	[ˌmæləˈdrɔɪt]	[ˌmæləˈdrɔɪt]	(adj.) 笨拙的；不灵巧的；不熟练的
malaise	[məˈleɪz]	[məˈleɪz]	(n.) 不适；不舒服；萎靡不振；心神不安
manager	[ˈmænɪdʒə(r)]	[ˈmænɪdʒər]	(n.) 经理；管理者；经纪人；（运动队的）主教练
manger	[ˈmeɪndʒə(r)]	[ˈmeɪndʒər]	(n.) 马槽；牛槽，供牲畜进食的器具
manifestation	[ˌmænɪfeˈsteɪʃ(ə)n]	[ˌmænɪfeˈsteɪʃ(ə)n]	(n.) 表现；显示；示威运动；现象，指某种事物的外在呈现或表达
manipulation	[məˌnɪpjuˈleɪʃ(ə)n]	[məˌnɪpjuˈleɪʃ(ə)n]	(n.) 操纵；控制；操作；处理，对事物进行控制、调整以达到特定目的 。
mannequin	[ˈmænɪkɪn]	[ˈmænɪkɪn]	(n.) 人体模型；时装模特儿，用于展示服装或进行艺术创作等 。
manoeuvre	[məˈnuːvə(r)]	[məˈnuːvər]	(v.) 巧妙移动；操纵；演习(n.) 策略；调动；演习，指通过技巧性动作改变位置或操控局势 。
marcher	[ˈmɑːtʃə(r)]	[ˈmɑːrtʃər]	(n.) 行军者；游行示威者
mare	[meə(r)]	[mer]	(n.) 母马；母驴；月球表面的阴暗部分（mare的复数形式为mares）
marijuana	[ˌmærəˈwɑːnə]	[ˌmærəˈwɑːnə]	(n.) 大麻，一种毒品植物，也可指用其制成的毒品
marine	[məˈriːn]	[məˈriːn]	(adj.) 海洋的；海生的；航海的；海事的(n.) 水兵；海军陆战队士兵
maritime	[ˈmærɪtaɪm]	[ˈmærɪtaɪm]	(adj.) 海的；海事的；航海的；近海的
marquis	[ˈmɑːkwɪs]	[ˈmɑːrkwɪs]	(n.) 侯爵，欧洲贵族爵位的一种
martial	[ˈmɑːʃ(ə)l]	[ˈmɑːrʃ(ə)l]	(adj.) 军事的；战争的；尚武的；威武的
martyr	[ˈmɑːtə(r)]	[ˈmɑːrtər]	(n.) 烈士；殉道者；受折磨的人(v.) 牺牲；使殉难；折磨
masque	[mɑːsk]	[mæsk]	(n.) 假面剧；化装舞会；假面舞剧；面具（尤指16 - 17世纪流行于英国的一种戏剧形式）
masquer	[ˈmɑːskə(r)]	[ˈmɑːskər]	(n.) 假面舞会参加者；戴面具者；伪装者
massacre	[ˈmæsəkə(r)]	[ˈmæsəkər]	(n.) 大屠杀；惨败(v.) 屠杀；彻底击败；彻底破坏
massage	[ˈmæsɑːʒ]	[məˈsɑːʒ]	(n.) 按摩；推拿(v.) 按摩；推拿；篡改（数据等）；用…揉擦
massif	[mæˈsiːf]	[mæˈsiːf]	(n.) 山峦；地块；山丘；断层块，尤指连绵的群山或大片高地
master	[ˈmɑːstə(r)]	[ˈmæstər]	(n.) 主人；雇主；硕士；大师；能手(v.) 精通；掌握；控制；征服(adj.) 主要的；主人的；精通的
mat	[mæt]	[mæt]	(n.) 垫子；席子；（体育运动用的）厚垫子；小地毯(v.) 给…铺上垫子；缠结；（使）表面无光泽
match	[mætʃ]	[mætʃ]	(n.) 比赛；竞赛；较量；匹配；（实力）相当的人或物；火柴(v.) 与…相匹配；比得上；使较量；使成对
mater	[ˈmeɪtə(r)]	[ˈmeɪtər]	(n.) 母亲（英式英语，非正式用法）
maths	[mæθs]	[mæθs]	(n.) 数学（英国英语中mathematics的缩写）
max	[mæks]	[mæks]	(n.) 最大值；极大；（常作缩写）最大值的（如max speed 最高速度）(adj.) 最高的；最多的；最大极限的（非正式用法）(v.) 使达到最大值；最大限度利用（非正式用法）
maximal	[ˈmæksɪm(ə)l]	[ˈmæksɪm(ə)l]	(adj.) 最大的；最高的；最大限度的
maximum	[ˈmæksɪməm]	[ˈmæksɪməm]	(n.) 最大值；最大限度；极大(adj.) 最高的；最多的；最大极限的
mayonnaise	[ˌmeɪəˈneɪz]	[ˈmeɪəneɪz]	(n.) 蛋黄酱
me	[miː]	[miː]	(pron.) 我（宾格）
meeting	[ˈmiːtɪŋ]	[ˈmiːtɪŋ]	(n.) 会议；集会；会面；运动会(v.) 遇见；相遇；迎接；满足；相识
melon	[ˈmelən]	[ˈmelən]	(n.) 瓜；甜瓜；瓜类植物
menace	[ˈmenəs]	[ˈmenəs]	(n.) 威胁；危险人物；恐吓(v.) 威胁；危及；恐吓
menacer	[ˈmenəsə(r)]	[ˈmenəsər]	(n.) 威胁者；恐吓者
mental	[ˈment(ə)l]	[ˈment(ə)l]	(adj.) 精神的；脑力的；心理的；疯的(n.) 精神病患者
mention	[ˈmenʃ(ə)n]	[ˈmenʃ(ə)n]	(v.) 提到；提及；说起；提名表扬(n.) 提及；说起
menu	[ˈmenjuː]	[ˈmenjuː]	(n.) 菜单；饭菜；菜肴；功能选择单
message	[ˈmesɪdʒ]	[ˈmesɪdʒ]	(n.) 消息；信息；口信；启示；要旨(v.) 给…发消息
micro	[ˈmaɪkrəʊ]	[ˈmaɪkrəʊ]	(adj.) 极小的；微观的；微量的(n.) 微型计算机；微处理器
microbe	[ˈmaɪkrəʊb]	[ˈmaɪkrəʊb]	(n.) 微生物；细菌
microscope	[ˈmaɪkrəskəʊp]	[ˈmaɪkrəskəʊp]	(n.) 显微镜
mien	[miːn]	[miːn]	(n.) 风采；神态；样子
migraine	[ˈmiːɡreɪn]	[ˈmaɪɡreɪn]	(n.) 偏头痛
mile	[maɪl]	[maɪl]	(n.) 英里；一英里赛跑；相当大的距离（或长度）
milieu	[mɪlˈjɜː]	[mɪlˈjuː]	(n.) 环境；周围环境；社会环境
militant	[ˈmɪlɪtənt]	[ˈmɪlɪtənt]	(adj.) 激进的；好战的；有战斗精神的(n.) 激进分子；好战分子
million	[ˈmɪljən]	[ˈmɪljən]	(n.) 百万；无数(adj.) 无数的；百万的
mime	[maɪm]	[maɪm]	(n.) 哑剧；哑剧演员；模仿(v.) 用哑剧表演；模仿；作哑剧动作
mince	[mɪns]	[mɪns]	(v.) 切碎；剁碎；装腔作势地走；吞吞吐吐地说
mine	[maɪn]	[maɪn]	(n.) 矿；矿井；地雷；水雷(v.) 开采（矿物）；在……布雷；（用雷）炸毁；寻找（可用信息等）(pron.) 我的（I的名词性物主代词）
miner	[ˈmaɪnə(r)]	[ˈmaɪnər]	(n.) 矿工
miniature	[ˈmɪnətʃə(r)]	[ˈmɪnɪətʃər]	(adj.) 微型的；小规模的(n.) 微型画；微小模型；缩影(v.) 使成缩影；使具体化
minimum	[ˈmɪnɪməm]	[ˈmɪnɪməm]	(n.) 最小值；最低限度；最小量(adj.) 最小的；最低的；最少的
minuscule	[ˈmɪnəskjuːl]	[ˈmɪnəskjuːl]	(adj.) 极小的；小写的；微不足道的(n.) 小写字母
minute	[ˈmɪnɪt]	[ˈmɪnɪt]	(n.) 分钟；片刻；一会儿；分（角度单位）(adj.) 极小的；微小的；详细的
miracle	[ˈmɪrək(ə)l]	[ˈmɪrək(ə)l]	(n.) 奇迹；奇事；非凡的人（或事）
miser	[ˈmaɪzə(r)]	[ˈmaɪzər]	(n.) 守财奴；吝啬鬼
miss	[mɪs]	[mɪs]	(v.) 错过；未击中；未抓住；想念；未见到；发觉丢失；避开(n.) 小姐；（选美比赛优胜者头衔）小姐；失误
missile	[ˈmɪsaɪl]	[ˈmɪs(ə)l]	(n.) 导弹；投射物(adj.) 可发射的；用以发射的
mission	[ˈmɪʃ(ə)n]	[ˈmɪʃ(ə)n]	(n.) 任务；使命；代表团；传教团；职责；特殊使命(v.) 派遣；向…传教
mobile	[ˈməʊbaɪl]	[ˈməʊb(ə)l]	(adj.) 可移动的；活动的；流动的；便携式的；易变的(n.) 移动电话；活动物体
mode	[məʊd]	[məʊd]	(n.) 方式；模式；风格；样式；（语法中的）语气
moderne	[ˈmɒd(ə)n]	[ˈmɒd(ə)n]	(adj.) 现代风格的；装饰艺术风格的
modification	[ˌmɒdɪfɪˈkeɪʃ(ə)n]	[ˌmɑːdɪfɪˈkeɪʃ(ə)n]	(n.) 修改；改进；改变；修饰
modifier	[ˈmɒdɪfaɪə(r)]	[ˈmɑːdɪfaɪər]	(n.) 修饰语；修改者；调节剂
module	[ˈmɒdjuːl]	[ˈmɑːdʒuːl]	(n.) 模块；组件；（大学课程的）单元；模数；航天器的舱
moment	[ˈməʊmənt]	[ˈməʊmənt]	(n.) 片刻；瞬间；时刻；时机；重要性
montage	[mɒnˈtɑːʒ]	[ˌmɑːnˈtɑːʒ]	(n.) 蒙太奇；拼贴画；综合画(v.) 把……剪辑成蒙太奇；把……拼贴成画
monument	[ˈmɒnjumənt]	[ˈmɑːnjumənt]	(n.) 纪念碑；历史遗迹；不朽的作品；丰碑
moral	[ˈmɒrəl]	[ˈmɔːrəl]	(adj.) 道德的；道义上的；有道德的；能辨是非的(n.) 寓意；道德教训
morale	[məˈrɑːl]	[məˈræl]	(n.) 士气；斗志；精神面貌
morgue	[mɔːɡ]	[mɔːrɡ]	(n.) 太平间；停尸房；资料室
morphine	[ˈmɔːfiːn]	[ˈmɔːrfiːn]	(n.) 吗啡
motel	[məʊˈtel]	[məʊˈtel]	(n.) 汽车旅馆
motif	[məʊˈtiːf]	[məʊˈtiːf]	(n.) 主题；主旨；图案；装饰图形
motion	[ˈməʊʃ(ə)n]	[ˈməʊʃ(ə)n]	(n.) 运动；移动；动作；行动；提议；大便(v.) 打手势；示意；提议；移动
motivation	[ˌməʊtɪˈveɪʃ(ə)n]	[ˌməʊtɪˈveɪʃ(ə)n]	(n.) 动机；积极性；动力；推动因素
mousse	[muːs]	[muːs]	(n.) 摩丝；慕斯（用于定型头发或制作甜点等）；奶油冻(v.) 用摩丝梳理（头发）
moustache	[məsˈtɑːʃ]	[ˈmʌsˌtæʃ]	(n.) 髭；胡子
muffin	[ˈmʌfɪn]	[ˈmʌfɪn]	(n.) 小松饼；松糕
mule	[mjuːl]	[mjuːl]	(n.) 骡子；杂交种；执拗的人
multiple	[ˈmʌltɪp(ə)l]	[ˈmʌltɪp(ə)l]	(adj.) 多个的；多种的；复合的(n.) 倍数；连锁公司
multiplier	[ˈmʌltɪplaɪə(r)]	[ˈmʌltɪplaɪər]	(n.) 乘数；倍数；增加者
municipal	[mjuːˈnɪsɪp(ə)l]	[mjuːˈnɪsɪp(ə)l]	(adj.) 市政的；市的；地方自治的
munition	[mjuːˈnɪʃ(ə)n]	[mjuːˈnɪʃ(ə)n]	(n.) 军火；弹药(v.) 供应弹药；装弹药于
muscle	[ˈmʌs(ə)l]	[ˈmʌs(ə)l]	(n.) 肌肉；力量；权威(v.) 用肌肉力量移动；使劲搬动
muse	[mjuːz]	[mjuːz]	(v.) 沉思；冥想；若有所思地说(n.) 沉思；冥想；（古希腊神话中）缪斯女神（掌管文艺、音乐、诗歌等）
musical	[ˈmjuːzɪk(ə)l]	[ˈmjuːzɪk(ə)l]	(adj.) 音乐的；悦耳的；有音乐天赋的；音乐剧的(n.) 音乐剧
must	[mʌst]	[mʌst]	(modal v.) 必须；一定；应该；偏要(n.) 绝对必要的事物；必须做的事
mutant	[ˈmjuːtənt]	[ˈmjuːtənt]	(n.) 突变体；变异体；畸形人(adj.) 突变的；变异的
mutation	[mjuːˈteɪʃ(ə)n]	[mjuːˈteɪʃ(ə)n]	(n.) 突变；变异；转变；（元音的）变化
mystique	[mɪˈstiːk]	[mɪˈstiːk]	(n.) 神秘性；奥秘；神秘气氛
naissance	[ˈneɪsəns]	[ˈneɪsəns]	(n.) 诞生；起源
natal	[ˈneɪt(ə)l]	[ˈneɪt(ə)l]	(adj.) 出生的；诞生的；先天的
natation	[neɪˈteɪʃən]	[neɪˈteɪʃən]	(n.) 游泳
nation	[ˈneɪʃ(ə)n]	[ˈneɪʃ(ə)n]	(n.) 国家；民族；国民
national	[ˈnæʃ(ə)nəl]	[ˈnæʃ(ə)nəl]	(adj.) 国家的；国民的；民族的；国立的(n.) 国民
nature	[ˈneɪtʃə(r)]	[ˈneɪtʃər]	(n.) 自然；性质；本性；种类
naval	[ˈneɪv(ə)l]	[ˈneɪv(ə)l]	(adj.) 海军的；军舰的；海军用的
navigation	[ˌnævɪˈɡeɪʃ(ə)n]	[ˌnævɪˈɡeɪʃ(ə)n]	(n.) 航行；航海；航空；导航；领航
nectar	[ˈnektə(r)]	[ˈnektər]	(n.) 花蜜；琼浆玉液；（希腊神话中）众神饮用的酒
net	[net]	[net]	(adj.) 净的；纯的；最后的；最终的 (n.) 网；网状物；广播网；净数；净利 (v.) 用网捕；使落网；净赚；净得；使联网
niche	[niːʃ]	[nɪtʃ]	(n.) 壁龛；合适的位置（或工作等）；生态位；细分市场 (adj.) 针对特定小群体的
nickel	[ˈnɪk(ə)l]	[ˈnɪk(ə)l]	(n.) 镍（化学元素，符号Ni）；（美）镍币；五美分硬币
noble	[ˈnəʊb(ə)l]	[ˈnəʊb(ə)l]	(adj.) 高尚的；高贵的；宏伟的；贵族的 (n.) 贵族
nocturne	[ˈnɒktɜːn]	[ˈnɑːktɜːrn]	(n.) 夜曲；夜景画
nomination	[ˌnɒmɪˈneɪʃ(ə)n]	[ˌnɑːmɪˈneɪʃ(ə)n]	(n.) 提名；任命；提名权
normal	[ˈnɔːm(ə)l]	[ˈnɔːrm(ə)l]	(adj.) 正常的；正规的；标准的；师范的 (n.) 正常状态；标准；常态
note	[nəʊt]	[nəʊt]	(n.) 笔记；便条；注释；音符；票据；口气；特征 (v.) 注意；留意；记录；指出；特别提到
notion	[ˈnəʊʃ(ə)n]	[ˈnəʊʃ(ə)n]	(n.) 观念；信念；概念；意图；小件物品
nouveau	[nuːˈvəʊ]	[ˈnuːvəʊ]	(adj.) 新近的；新兴的；新颖的（法语词汇，常用于英语中，尤指艺术、时尚等领域）
objection	[əbˈdʒekʃ(ə)n]	[əbˈdʒekʃ(ə)n]	(n.) 反对；异议；反对的理由
obligation	[ˌɒblɪˈɡeɪʃ(ə)n]	[ˌɑːblɪˈɡeɪʃ(ə)n]	(n.) 义务；职责；债务
observation	[ˌɒbzəˈveɪʃ(ə)n]	[ˌɑːbzərˈveɪʃ(ə)n]	(n.) 观察；观察力；观察结果；评论
observer	[əbˈzɜːvə(r)]	[əbˈzɜːrvər]	(n.) 观察者；遵守者；目击者
obsession	[əbˈseʃ(ə)n]	[əbˈseʃ(ə)n]	(n.) 痴迷；困扰；使人痴迷的人（或物）
obstacle	[ˈɒbstək(ə)l]	[ˈɑːbstək(ə)l]	(n.) 障碍；障碍物；绊脚石
occasion	[əˈkeɪʒ(ə)n]	[əˈkeɪʒ(ə)n]	(n.) 场合；时机；理由 (v.) 引起；惹起
occidental	[ˌɒksɪˈdent(ə)l]	[ˌɑːksɪˈdent(ə)l]	(adj.) 西方的；西洋的；欧美的 (n.) 西方人；欧美人
occupant	[ˈɒkjəpənt]	[ˈɑːkjəpənt]	(n.) 居住者；占用者；房客
occupation	[ˌɒkjuˈpeɪʃ(ə)n]	[ˌɑːkjuˈpeɪʃ(ə)n]	(n.) 职业；占有；消遣；占领
oeuvre	[ˈɜːvrə]	[ˈɜːvrə]	(n.) （法）全部作品；毕生之作
off	[ɒf]	[ɔːf]	(adv.) 离开；脱落；切断 (prep.) 离开；偏离；从……去掉 (adj.) 远离的；空闲的
offense	[əˈfens]	[əˈfens]	(n.) 犯罪；冒犯；过错
offensive	[əˈfensɪv]	[əˈfensɪv]	(adj.) 冒犯的；令人不快的；进攻性的 (n.) 进攻；攻势
office	[ˈɒfɪs]	[ˈɑːfɪs]	(n.) 办公室；办事处；职务；职责
ogre	[ˈəʊɡə(r)]	[ˈəʊɡər]	(n.) 食人魔；怪物；可怕的人
olive	[ˈɒlɪv]	[ˈɑːlɪv]	(n.) 橄榄；橄榄树；橄榄色 (adj.) 橄榄色的；黄褐色的
omelette	[ˈɒmlət]	[ˈɑːmlət]	(n.) 煎蛋卷；炒蛋
on	[ɒn]	[ɑːn]	(prep.) 在……上面；关于；在……时候；以……方式等（用法广泛，需结合语境）
once	[wʌns]	[wʌns]	(adv.) 一次；曾经；一旦 (conj.) 一旦 (n.) 一次；一回
opinion	[əˈpɪnjən]	[əˈpɪnjən]	(n.) 意见；看法；主张；舆论；评价
opium	[ˈəʊpiəm]	[ˈəʊpiəm]	(n.) 鸦片；麻醉剂
opposition	[ˌɒpəˈzɪʃ(ə)n]	[ˌɑːpəˈzɪʃ(ə)n]	(n.) 反对；反抗；相反；反对派；（行星的）冲
oppression	[əˈpreʃ(ə)n]	[əˈpreʃ(ə)n]	(n.) 压迫；压制；压抑
option	[ˈɒpʃ(ə)n]	[ˈɑːpʃ(ə)n]	(n.) 选择；选择权；选择的事物（或人）；期权
or	[ɔː(r)]	[ɔːr]	(conj.) 或者；还是；否则；要不然(prep.) （用于否定句中的and的替代词）也不
oracle	[ˈɒrək(ə)l]	[ˈɔːrək(ə)l]	(n.) 神谕；神谕处；神谕所传达的指示（或预言）；能提供宝贵信息的人（或物）
oral	[ˈɔːrəl]	[ˈɔːrəl]	(adj.) 口头的；口述的；口服的；口腔的(n.) 口试
orange	[ˈɒrɪndʒ]	[ˈɔːrɪndʒ]	(n.) 橙子；橘子；橙色(adj.) 橙色的；橘黄色的
organisation	[ˌɔːɡənaɪˈzeɪʃ(ə)n]	[ˌɔːrɡənəˈzeɪʃ(ə)n]	(n.) 组织；机构；团体；组织工作；体制；条理
organiser	[ˈɔːɡənaɪzə(r)]	[ˈɔːrɡənaɪzər]	(n.) 组织者；安排者；筹备者
oriental	[ˌɔːriˈent(ə)l]	[ˌɔːriˈent(ə)l]	(adj.) 东方的；东方人的；东方文化的(n.) 东方人
orientation	[ˌɔːriənˈteɪʃ(ə)n]	[ˌɔːriənˈteɪʃ(ə)n]	(n.) 方向；定向；定位；适应；迎新培训；倾向
original	[əˈrɪdʒən(ə)l]	[əˈrɪdʒən(ə)l]	(adj.) 原来的；最初的；原创的；新颖的；有独创性的(n.) 原件；原作；原物；原型
oui	[wiː]	[wiː]	(adv.) （法语）是；对
ours	[ˈaʊəz]	[ˈaʊərz]	(pron.) 我们的（名词性物主代词）
out	[aʊt]	[aʊt]	(adv.) 出去；在外面；出现；问世；熄灭；结束；下台(prep.) 从……里面出去；离开；出于；缺乏；由于；在……之外(adj.) 外面的；出局的；下台的(n.) 外面；外出；出局；借口
outrage	[ˈaʊtreɪdʒ]	[ˈaʊtreɪdʒ]	(n.) 暴行；愤慨；愤怒；骇人听闻的事件(v.) 激怒；引起公愤；违背（道德等）
overdose	[ˈəʊvədəʊs]	[ˈəʊvərdəʊs]	(n.) 过量用药；过量（尤指药量）(v.) 给……用药过量；用药过量
page	[peɪdʒ]	[peɪdʒ]	(n.) 页；页面；篇章；历史篇章；（报刊的）专页；重要事件；（计算机的）网页(v.) 给…标页码；翻书页；呼叫；传唤
pain	[peɪn]	[peɪn]	(n.) 疼痛；痛苦；苦恼；令人厌烦的人或事(v.) 使疼痛；使痛苦；使苦恼
pair	[peə(r)]	[per]	(n.) 一对；一双；一副；夫妇；情侣；（由两个相似的事物组成的）一套(v.) 使成对；使配对；交配；连接；配对使用
palace	[ˈpæləs]	[ˈpæləs]	(n.) 宫殿；宅邸；豪华住宅
papa	[pəˈpɑː]	[ˈpɑːpə]	(n.) 爸爸
par	[pɑː(r)]	[pɑːr]	(n.) 标准杆数；同等；常态(v.) 以标准杆数打（高尔夫球）
parachute	[ˈpærəʃuːt]	[ˈpærəʃuːt]	(n.) 降落伞；保护伞；空降(v.) 用降落伞空投；跳伞
parade	[pəˈreɪd]	[pəˈreɪd]	(n.) 游行；阅兵；炫耀；行进(v.) 游行；阅兵；炫耀；展示
parasite	[ˈpærəsaɪt]	[ˈpærəsaɪt]	(n.) 寄生虫；寄生生物；食客；靠他人为生的人
pardon	[ˈpɑːd(ə)n]	[ˈpɑːrd(ə)n]	(n.) 原谅；赦免；宽恕(v.) 原谅；赦免；宽恕
parent	[ˈpeərənt]	[ˈperənt]	(n.) 父亲；母亲；家长；母公司；起源(v.) 做…的父亲（或母亲）；教养；生育
parking	[ˈpɑːkɪŋ]	[ˈpɑːrkɪŋ]	(n.) 停车；泊车(v.) 停车（park的现在分词）
parole	[pəˈrəʊl]	[pəˈrəʊl]	(n.) 假释；有条件释放；言语；誓言(v.) 假释；使获假释；宣誓后释放
parquet	[ˈpɑːkeɪ]	[pɑːrˈkeɪ]	(n.) 镶木地板；（剧场的）正厅后座(v.) 用镶木地板装修
part	[pɑːt]	[pɑːrt]	(n.) 部分；零件；部件；角色；职责；（书、剧等的）部，篇，集(v.) 分开；分离；使分开
participation	[pɑːˌtɪsɪˈpeɪʃ(ə)n]	[pɑːrˌtɪsɪˈpeɪʃ(ə)n]	(n.) 参与；参加；分享
partisan	[pɑːtɪˈzæn]	[ˈpɑːrtəz(ə)n]	(n.) 游击队员；党羽；同党者；偏袒者(adj.) 党派的；偏袒的；游击队员的
partition	[pɑːˈtɪʃ(ə)n]	[pɑːrˈtɪʃ(ə)n]	(n.) 分隔物；隔墙；分割；划分；（国家的）分裂；（议会等的）分组表决(v.) 分割；划分；隔开；区分
passage	[ˈpæsɪdʒ]	[ˈpæsɪdʒ]	(n.) 通道；走廊；（文章、讲话等的）一段；经过；通过；旅程；航行(v.) 走过；通过；使通过
passe	[pæˈseɪ]	[pæˈseɪ]	(adj.) 过时的；不再流行的
passer	[ˈpɑːsə(r)]	[ˈpæsər]	(n.) 过路人；经过者；传球者；考试合格者
passion	[ˈpæʃ(ə)n]	[ˈpæʃ(ə)n]	(n.) 激情；热情；酷爱；盛怒；（耶稣）受难
patience	[ˈpeɪʃ(ə)ns]	[ˈpeɪʃ(ə)ns]	(n.) 耐心；忍耐力；毅力
patient	[ˈpeɪʃ(ə)nt]	[ˈpeɪʃ(ə)nt]	(n.) 病人(adj.) 有耐心的；能容忍的
patron	[ˈpeɪtrən]	[ˈpeɪtrən]	(n.) 赞助人；资助人；老主顾；顾客
pause	[pɔːz]	[pɔːz]	(v.) 暂停；中止；停顿；踌躇(n.) 暂停；间歇；停顿
payer	[ˈpeɪə(r)]	[ˈpeɪər]	(n.) 付款人；支付者
penchant	[ˈpɒ̃ʃɒ̃]	[ˈpentʃənt]	(n.) 嗜好；倾向；偏好
pendant	[ˈpendənt]	[ˈpendənt]	(n.) 垂饰；挂件；吊坠；吊灯(adj.) 下垂的；悬而未决的
pension	[ˈpenʃ(ə)n]	[ˈpenʃ(ə)n]	(n.) 养老金；抚恤金；退休金；膳宿费(v.) 发给养老金（或抚恤金、退休金）；准予退休
people	[ˈpiːp(ə)l]	[ˈpiːp(ə)l]	(n.) 人；人们；人民；民族(v.) 居住于；使住满人
perception	[pəˈsepʃ(ə)n]	[pərˈsepʃ(ə)n]	(n.) 感知；知觉；看法；洞察力
perfection	[pəˈfekʃ(ə)n]	[pərˈfekʃ(ə)n]	(n.) 完美；完善；尽善尽美
performance	[pəˈfɔːməns]	[pərˈfɔːrməns]	(n.) 表演；演出；表现；业绩；执行；履行
permanence	[ˈpɜːmənəns]	[ˈpɜːrmənəns]	(n.) 持久；永久；永久性
permanent	[ˈpɜːmənənt]	[ˈpɜːrmənənt]	(adj.) 永久的；永恒的；固定的；长期不变的(n.) 烫发
permission	[pəˈmɪʃ(ə)n]	[pərˈmɪʃ(ə)n]	(n.) 允许；许可；同意
personnel	[ˌpɜːsəˈnel]	[ˌpɜːrsəˈnel]	(n.) 全体员工；人事部门；人事（管理）(adj.) 人员的；有关人事的
perspective	[pəˈspektɪv]	[pərˈspektɪv]	(n.) 观点；看法；视角；透视；透视图；景观(adj.) 透视的
persuader	[pəˈsweɪdə(r)]	[pərˈsweɪdər]	(n.) 劝说者；说服者
pertinent	[ˈpɜːtɪnənt]	[ˈpɜːrtnənt]	(adj.) 相关的；切题的；中肯的
perversion	[pəˈvɜːʃ(ə)n]	[pərˈvɜːrʒ(ə)n]	(n.) 堕落；曲解；变态；颠倒
peso	[ˈpeɪsəʊ]	[ˈpeɪsəʊ]	(n.) 比索（一些拉丁美洲国家和菲律宾的货币单位）
pet	[pet]	[pet]	(n.) 宠物；宠儿(adj.) 宠爱的；表示亲昵的(v.) 宠爱；爱抚；（非正）亲吻；调情
phase	[feɪz]	[feɪz]	(n.) 阶段；时期；相；相位；（月亮的）盈亏；（动词的）时态(v.) 分阶段进行；逐步做
photo	[ˈfəʊtəʊ]	[ˈfəʊtəʊ]	(n.) 照片；相片；（非正式）电影；摄影(v.) 拍照；摄影
phrase	[freɪz]	[freɪz]	(n.) 短语；词组；习语；乐句；乐节；措词；话语(v.) 用言语表达；叙述；措辞
physique	[fɪˈziːk]	[fɪˈziːk]	(n.) 体格；体形
piano	[piˈænəʊ]	[piˈænəʊ]	(n.) 钢琴(adj.) 轻柔的；轻声的；弱音的(adv.) 轻柔地；轻声地；弱音地
pied	[paɪd]	[paɪd]	(adj.) 斑驳的；杂色的；花斑的
pigeon	[ˈpɪdʒɪn]	[ˈpɪdʒɪn]	(n.) 鸽子；易受骗的人；（军）通信鸽 (v.) 诈骗；欺骗
pile	[paɪl]	[paɪl]	(n.) 堆；大量；建筑群；痔疮 (v.) 堆积；积聚；堆放；（使）拥挤
pilotage	[ˈpaɪlətɪdʒ]	[ˈpaɪlətɪdʒ]	(n.) 领航；引航；驾驶术；领航费
pilule	[ˈpɪljuːl]	[ˈpɪljuːl]	(n.) 丸剂；小药丸
pin	[pɪn]	[pɪn]	(n.) 大头针；别针；徽章；（电子设备上的）插脚 (v.) 用针别住；钉住；使不能动弹
ping-pong	[ˈpɪŋ pɒŋ]	[ˈpɪŋ pɑːŋ]	(n.) 乒乓球
pipe	[paɪp]	[paɪp]	(n.) 管子；烟斗；管乐器；笛声 (v.) 用管道输送；吹奏（管乐器）；尖声说
piquant	[ˈpiːkənt]	[ˈpiːkənt]	(adj.) 辛辣的；开胃的；刺激的；有趣的
pique	[piːk]	[piːk]	(n.) 生气；愤恨；呕气 (v.) 伤害……的自尊心；使生气；激起（兴趣等）
pirate	[ˈpaɪrət]	[ˈpaɪrət]	(n.) 海盗；盗版者；侵犯版权者 (v.) 抢劫（海上船只）；盗版；剽窃
piscine	[ˈpɪsaɪn]	[pɪˈsaɪn]	(adj.) 鱼的；鱼类的；似鱼的
piston	[ˈpɪstən]	[ˈpɪstən]	(n.) 活塞
pizza	[ˈpiːtsə]	[ˈpiːtsə]	(n.) 比萨饼
placard	[ˈplækɑːd]	[ˈplækɑːrd]	(n.) 标语牌；海报；布告 (v.) 张贴布告于；用布告公布
place	[pleɪs]	[pleɪs]	(n.) 地方；地点；位置；职位；座位 (v.) 放置；任命；寄予
placement	[ˈpleɪsmənt]	[ˈpleɪsmənt]	(n.) 布置；定位球；人员配置；放置
placer	[ˈpleɪsə(r)]	[ˈpleɪsər]	(n.) 冲积矿；砂矿；放置者；置物的地方
plan	[plæn]	[plæn]	(n.) 计划；规划；方案；平面图 (v.) 计划；打算；设计
planer	[ˈpleɪnə(r)]	[ˈpleɪnər]	(n.) 刨床；刨工；平路机 (v.) 刨平；用刨子刨；滑行（飞机着陆前）
planning	[ˈplænɪŋ]	[ˈplænɪŋ]	(n.) 规划；计划；设计；(v.) 计划；规划；打算；设计
plantation	[plɑːnˈteɪʃ(ə)n]	[plænˈteɪʃ(ə)n]	(n.) 种植园；大农场；人工林
planter	[ˈplɑːntə(r)]	[ˈplæntər]	(n.) 种植者；园丁；花盆；种植园主
plaque	[plɑːk]	[plæk]	(n.) 匾；牌匾；饰板；（医）牙斑；菌斑；（病毒）蚀斑
plasma	[ˈplæzmə]	[ˈplæzmə]	(n.) 血浆；等离子体；（物）等离子区；原生质
plateau	[ˈplætəʊ]	[plæˈtəʊ]	(n.) 高原；稳定期；停滞期；(v.) 达到稳定水平；进入停滞期
plausible	[ˈplɔːzəb(ə)l]	[ˈplɔːzəb(ə)l]	(adj.) 貌似合理的；貌似可信的
plume	[pluːm]	[pluːm]	(n.) 羽毛；羽毛状物；（升上空中的）一缕（烟、尘土等）；（尤指鸟的）羽冠；（箭的）羽饰(v.) 用羽毛装饰；（鸟）整理羽毛；（使）（烟、尘土等）升起飘动
plus	[plʌs]	[plʌs]	(prep.) 加；加上(adj.) 正的；表示加的；有利的(n.) 加号；优势；长处
podium	[ˈpəʊdiəm]	[ˈpəʊdiəm]	(n.) 讲台；指挥台；领奖台；矮墙；墩座墙
point	[pɔɪnt]	[pɔɪnt]	(n.) 要点；得分；观点；尖端；小数点；（罗盘上的）方位点；时刻；地点(v.) 指向；瞄准；表明；指出；强调
pointer	[ˈpɔɪntə(r)]	[ˈpɔɪntər]	(n.) 指针；指示器；教鞭；暗示；线索
poison	[ˈpɔɪz(ə)n]	[ˈpɔɪz(ə)n]	(n.) 毒药；毒物；有害的思想（或心情等）(v.) 毒害；下毒；污染；对……有不良影响
poker	[ˈpəʊkə(r)]	[ˈpəʊkər]	(n.) 扑克（一种纸牌游戏）；拨火棍(v.) 用拨火棍拨弄；用扑克牌玩牌
police	[pəˈliːs]	[pəˈliːs]	(n.) 警察；警方(v.) 巡查；维护治安；监督；管制
pollution	[pəˈluːʃ(ə)n]	[pəˈluːʃ(ə)n]	(n.) 污染；污染物
pop	[pɒp]	[pɑːp]	(v.) 突然出现；突然爆开；开枪；（使）发出爆裂声；迅速放置(n.) 砰的一声；枪击；流行音乐；流行文化(adj.) 流行的；通俗的；热门的(adv.) 突然；砰地
population	[ˌpɒpjuˈleɪʃ(ə)n]	[ˌpɑːpjuˈleɪʃ(ə)n]	(n.) 人口；种群；全体居民；特定人群；（物的）总数
port	[pɔːt]	[pɔːrt]	(n.) 港口；（船、飞机的）左舷；舱门；避风港；波尔图葡萄酒(v.) 持（枪）；左转舵；停靠港口
portable	[ˈpɔːtəb(ə)l]	[ˈpɔːrtəb(ə)l]	(adj.) 手提的；便携式的；轻便的(n.) 便携式电脑
porter	[ˈpɔːtə(r)]	[ˈpɔːrtər]	(n.) 门房；服务员；行李搬运工；守门人
portion	[ˈpɔːʃ(ə)n]	[ˈpɔːrʃ(ə)n]	(n.) 部分；一份；命运；嫁妆(v.) 分配；给…嫁妆
portrait	[ˈpɔːtreɪt]	[ˈpɔːrtrət]	(n.) 肖像；半身像；描绘；画像(adj.) 肖像的；人像是；表现人物的
pose	[pəʊz]	[pəʊz]	(v.) 造成；形成；摆姿势；佯装；提出…讨论(n.) 姿势，姿态；装模作样
position	[pəˈzɪʃ(ə)n]	[pəˈzɪʃ(ə)n]	(n.) 位置；地方；职位；姿势；处境；观点(v.) 安置；把…放在适当位置
possession	[pəˈzeʃ(ə)n]	[pəˈzeʃ(ə)n]	(n.) 拥有；财产；领地；自制；着迷
possible	[ˈpɒsəb(ə)l]	[ˈpɑːsəb(ə)l]	(adj.) 可能的；合理的；可接受的；合适的(n.) 可能性；可能的人（或物）
postal	[ˈpəʊst(ə)l]	[ˈpəʊst(ə)l]	(adj.) 邮政的；邮局的；邮递的 (n.) 明信片
poster	[ˈpəʊstə(r)]	[ˈpəʊstər]	(n.) ①海报；招贴画；②标语牌；③（在网络上发布消息的）发帖人 (v.) 张贴海报宣传；发布（信息）
pot	[pɒt]	[pɑːt]	(n.) 锅；罐；壶；盆等容器；(vt.) 把……栽入盆中。
potable	[ˈpəʊtəb(ə)l]	[ˈpəʊtəb(ə)l]	(adj.) 可饮用的，适合饮用的。
potence	[ˈpəʊtəns]	[ˈpəʊtəns]	(n.) 效力；效能；权势；（男性）生殖能力
potion	[ˈpəʊʃ(ə)n]	[ˈpəʊʃ(ə)n]	(n.) （药物、毒物或有魔力的）饮料；一剂；一服
pour	[pɔː(r)]	[pɔːr]	(v.) 倾倒；倒出；倾泻；涌流；（雨）倾盆而下(n.) 倾泻；浇注；倾盆大雨
prairie	[ˈpreəri]	[ˈpreri]	(n.) （尤指北美的）大草原
premier	[ˈpremiə(r)]	[prɪˈmɪr]	(n.) 总理；首相(adj.) 首要的；首位的；最重要的
prescription	[prɪˈskrɪpʃ(ə)n]	[prɪˈskrɪpʃ(ə)n]	(n.) 处方；药方；医嘱；处方药；指示；规定
pressing	[ˈpresɪŋ]	[ˈpresɪŋ]	(adj.) 紧迫的；迫切的；恳切的；再三要求的(n.) 压；冲压；模压制品(v.) 挤压；催促；逼迫（press的现在分词）
prestige	[preˈstiːʒ]	[preˈstiːʒ]	(n.) 威望；声望；声誉；威信
prime	[praɪm]	[praɪm]	(adj.) 主要的；首要的；最好的；基本的；最初的；原始的(n.) 全盛时期；青年；精华；初期；质数(v.) 使准备好；使（装填火药；使启动）
primordial	[praɪˈmɔːdiəl]	[praɪˈmɔːrdiəl]	(adj.) 原始的；最初的；根本的；原生的
prince	[prɪns]	[prɪns]	(n.) 王子；亲王；国君；诸侯；巨头
principal	[ˈprɪnsəp(ə)l]	[ˈprɪnsəp(ə)l]	(adj.) 主要的；首要的；最重要的；本金的(n.) 校长；院长；首长；本金；资本
prise	[praɪz]	[praɪz]	(v.) 撬动；撬开；夺取；争取
prison	[ˈprɪz(ə)n]	[ˈprɪz(ə)n]	(n.) 监狱；看守所；监禁；牢笼(v.) 监禁；关押
pro	[prəʊ]	[prəʊ]	(n.) 赞成者；赞成票(adj.) 赞成的；正面的；积极的(prep.) 赞成；支持
probable	[ˈprɒbəb(ə)l]	[ˈprɑːbəb(ə)l]	(adj.) 很可能的；大概的；有希望的(n.) 很可能的事；可能入选者
procession	[prəˈseʃ(ə)n]	[prəˈseʃ(ə)n]	(n.) 队伍；行列；游行；进程；一连串(v.) 列队行进
production	[prəˈdʌkʃ(ə)n]	[prəˈdʌkʃ(ə)n]	(n.) 生产；制作；演出；产品；产量；作品
prof	[prɒf]	[prɑːf]	(n.) <口>教授（professor的缩写）
profession	[prəˈfeʃ(ə)n]	[prəˈfeʃ(ə)n]	(n.) 职业；行业；声明；宣称；表白
profit	[ˈprɒfɪt]	[ˈprɑːfɪt]	(n.) 利润；收益；益处(v.) 获利；有益于；对…有好处
programme	[ˈprəʊɡræm]	[ˈprəʊɡræm]	(n.) 节目；计划；方案；程序；课程(v.) 为…制定计划；编排节目；编程（英式英语用法）
programmer	[ˈprəʊɡræmə(r)]	[ˈprəʊɡræmər]	(n.) 程序员；编程员
projection	[prəˈdʒekʃ(ə)n]	[prəˈdʒekʃ(ə)n]	(n.) 投影；投射；发射；推测；预测；规划；放映
promenade	[ˌprɒməˈnɑːd]	[ˌprɑːməˈneɪd]	(n.) 散步；闲逛；舞会；驾车兜风(v.) 散步；闲逛；使散步；使驾车兜风
promo	[ˈprəʊməʊ]	[ˈprəʊməʊ]	(n.) <美，非正式>促销；广告；预告片
promotion	[prəˈməʊʃ(ə)n]	[prəˈməʊʃ(ə)n]	(n.) 晋升；提拔；促销；促进；宣传；推广
proportion	[prəˈpɔːʃ(ə)n]	[prəˈpɔːrʃ(ə)n]	(n.) 比例；比率；部分；均衡；面积；大小(v.) 使成比例；使相称
proposition	[ˌprɒpəˈzɪʃ(ə)n]	[ˌprɑːpəˈzɪʃ(ə)n]	(n.) 命题；提议；主张；提案；生意；交易
prostitution	[ˌprɒstɪˈtjuːʃ(ə)n]	[ˌprɑːstɪˈtuːʃ(ə)n]	(n.) 卖淫；滥用；糟蹋
protection	[prəˈtekʃ(ə)n]	[prəˈtekʃ(ə)n]	(n.) 保护；防卫；保护贸易；保护费
protestant	[ˈprɒtɪstənt]	[ˈprɑːtɪstənt]	(n.) 新教徒(adj.) 新教的
protestation	[ˌprɒtəˈsteɪʃ(ə)n]	[ˌprɑːtəˈsteɪʃ(ə)n]	(n.) 声明；断言；抗议；郑重宣告
protester	[prəˈtestə(r)]	[prəˈtestər]	(n.) 抗议者；反对者
prototype	[ˈprəʊtətaɪp]	[ˈprəʊtətaɪp]	(n.) 原型；雏形；典型；模范；（汽车、机器等的）样机 
protégé	[ˈprɒtəʒeɪ]	[ˈprəʊtəʒeɪ]	(n.) 被保护人；门徒；门生（通常指男性）
provenance	[ˈprɒvənəns]	[ˈprɑːvənəns]	(n.) 起源；出处；（艺术品等的）来历
province	[ˈprɒvɪns]	[ˈprɑːvɪns]	(n.) 省；领域；（国家的）行政区；（学术、兴趣等的）范围
provision	[prəˈvɪʒ(ə)n]	[prəˈvɪʒ(ə)n]	(n.) 供应；提供；准备；规定；条款；供应品；（复数形式常指）食物和饮料(v.) 供应；提供；为……做准备；规定
provocation	[ˌprɒvəˈkeɪʃ(ə)n]	[ˌprɑːvəˈkeɪʃ(ə)n]	(n.) 挑衅；激怒；刺激；挑衅行为
prudence	[ˈpruːd(ə)ns]	[ˈpruːd(ə)ns]	(n.) 谨慎；慎重；精明
prudent	[ˈpruːd(ə)nt]	[ˈpruːd(ə)nt]	(adj.) 谨慎的；慎重的；精明的
prune	[pruːn]	[pruːn]	(v.) 修剪（树枝等）；删除；削减；精简(n.) 西梅干；李脯
pub	[pʌb]	[pʌb]	(n.) 酒吧；酒馆
public	[ˈpʌblɪk]	[ˈpʌblɪk]	(adj.) 公众的；公共的；公开的(n.) 公众；民众
pudding	[ˈpʊdɪŋ]	[ˈpʊdɪŋ]	(n.) 布丁；甜食；（餐末的）一道甜食；<英>血肠
puissance	[ˈpwiːsɒ̃s]	[ˈpwɪsəns]	(n.) 权力；力量；权势；（马等的）体力；（动物的）本能
puissant	[ˈpjuːɪsənt]	[ˈpjuːɪsənt]	(adj.) 强大的；有力的；有权势的
pull	[pʊl]	[pʊl]	(v.) 拉；拽；扯；拖；（用力）拖行；（使）移动；拉动；抽出；拔出；掏出；吸引；（车）停下；进站；（船）靠岸；赚取（利润等）；拉伤；扭伤；（使）拉成；（使）变形；（使）朝特定方向移动；（使）转弯；（使）偏斜；吸引（观众等）；影响；（通过努力）获得；赢得；（用不正当手段）捞取；（在比赛中）击败；（从某地方）挖出；（从容器中）倒出；（使）退出；撤离；（使）摆脱；（使）恢复健康；（使）渡过难关；（使）苏醒；（使）好转；（使）振作起来；（使）齐心协力；（使）朝特定方向移动；（使）转弯；（使）偏斜(n.) 拉；拽；扯；拖；拉力；牵引力；吸引力；（对他人的）影响力；吸引力；吸引人的事物；（排球等运动中的）拉球；（高尔夫球等运动中的）左曲球
punch	[pʌntʃ]	[pʌntʃ]	(v.) 猛击；打孔；用力按 (n.) 一拳；冲孔；潘趣酒；效力
punk	[pʌŋk]	[pʌŋk]	(n.) 朋克摇滚乐；朋克摇滚乐手；<非正式>小流氓；废物(adj.) 朋克风格的；<非正式>没用的；低劣的
purifier	[ˈpjʊərɪfaɪə(r)]	[ˈpjʊrɪfaɪər]	(n.) 净化器；清洁者；提纯器
puzzle	[ˈpʌz(ə)l]	[ˈpʌz(ə)l]	(n.) 谜；难题；智力游戏；令人困惑的人（或事物）(v.) 使迷惑；使困惑；冥思苦想；迷惑不解
pyjama	[pəˈdʒɑːmə]	[pəˈdʒæmə]	(n.) （英）睡衣（单数形式，尤指男式睡衣的上衣）
python	[ˈpaɪθən]	[ˈpaɪθɑːn]	(n.) 蟒蛇；巨蟒；（希腊神话中的）皮同；（非洲的）蚺蛇
qualification	[ˌkwɒlɪfɪˈkeɪʃ(ə)n]	[ˌkwɑːlɪfɪˈkeɪʃ(ə)n]	(n.) 资格；条件；限制；限定性条件；合格证书
qualifier	[ˈkwɒlɪfaɪə(r)]	[ˈkwɑːlɪfaɪər]	(n.) 合格者；限定词；修饰语；预选赛选手
quant	[kwɒnt]	[kwɑːnt]	(n.) （金融）定量分析师
quart	[kwɔːt]	[kwɔːrt]	(n.) 夸脱（容量单位，等于2品脱）
quasi	[ˈkweɪzaɪ]	[ˈkweɪzaɪ]	(adj.) 类似的；准的；半的
question	[ˈkwestʃən]	[ˈkwestʃən]	(n.) 问题；疑问；难题；议题(v.) 询问；质疑；审问
queue	[kjuː]	[kjuː]	(n.) 队列；长队；辫子(v.) 排队；使排队
quitter	[ˈkwɪtə(r)]	[ˈkwɪtər]	(n.) 轻易放弃的人；懦夫
rabbi	[ˈræbaɪ]	[ˈræbaɪ]	(n.) 拉比（犹太教教士）；先生（犹太人对学者的尊称）
race	[reɪs]	[reɪs]	(n.) 赛跑；竞赛；赛马；赛车运动；竞争；种族；人种；（动植物的）物种；（具有共同特征的）一类人（或事物）(v.) 参加比赛；使比赛；快速移动；使快速移动；（和…）比赛；竞争
racial	[ˈreɪʃ(ə)l]	[ˈreɪʃ(ə)l]	(adj.) 种族的；人种的；种族间的；由种族引起的
racket	[ˈrækɪt]	[ˈrækɪt]	(n.) 球拍；吵闹；非法勾当；（网球等的）球拍运动(v.) 过放荡生活；大声吵闹；喋喋不休
radar	[ˈreɪdɑː(r)]	[ˈreɪdɑːr]	(n.) 雷达；无线电探测器(vt.) 用雷达探测；用雷达追踪
radiation	[ˌreɪdiˈeɪʃ(ə)n]	[ˌreɪdiˈeɪʃ(ə)n]	(n.) 辐射；放射；辐射能；放射线
radical	[ˈrædɪk(ə)l]	[ˈrædɪk(ə)l]	(adj.) 根本的；彻底的；激进的；极端的；（数学）根式的(n.) 激进分子；极端分子；根数；根式
radio	[ˈreɪdiəʊ]	[ˈreɪdiəʊ]	(n.) 收音机；无线电广播；无线电设备；无线电通信(v.) 用无线电传送；发送无线电报（或电话）
rage	[reɪdʒ]	[reɪdʒ]	(n.) 愤怒；狂怒；（喻）风靡一时的事物；（疾病等的）猖獗(v.) 发怒；怒斥；（风、浪等）狂吹；汹涌
raid	[reɪd]	[reɪd]	(n.) 袭击；突袭；抢劫；突击检查(v.) 袭击；突袭；抢劫；突击检查
rail	[reɪl]	[reɪl]	(n.) 栏杆；铁轨；扶手；横杆(v.) 责骂；怒斥；抱怨；用栏杆围；给…铺铁轨
raisin	[ˈreɪz(ə)n]	[ˈreɪz(ə)n]	(n.) 葡萄干
ranch	[rɑːntʃ]	[ræntʃ]	(n.) 牧场；大农场 (v.) 经营牧场；在牧场饲养
rang	[ræŋ]	[ræŋ]	(v. ring的过去式) （使）发出钟声或铃声；打电话；回响；按铃
ranger	[ˈreɪndʒə(r)]	[ˈreɪndʒər]	(n.) 护林员；突击队员；漫游者；骑警
rap	[ræp]	[ræp]	(v.) 敲击；击打；说唱；严厉批评 (n.) 敲击（声）；说唱音乐；指责
rapport	[ræˈpɔː(r)]	[ræˈpɔːr]	(n.) 融洽；和谐；亲善
rare	[reə(r)]	[rer]	(adj.) 稀有的；罕见的；不常发生的；稀薄的；半熟的
rat	[ræt]	[ræt]	(n.) 老鼠；卑鄙小人；叛徒 (v.) 捕鼠；背叛；告密
rater	[ˈreɪtə(r)]	[ˈreɪtər]	(n.) 评估者；评级者
ration	[ˈræʃ(ə)n]	[ˈræʃ(ə)n]	(n.) 配给量；定量；口粮 (v.) 配给；定量供应
ravage	[ˈrævɪdʒ]	[ˈrævɪdʒ]	(v.) 破坏；蹂躏；劫掠 (n.) 破坏；蹂躏
ravioli	[ˌræviˈəʊli]	[ˌræviˈəʊli]	(n.) 意大利方形饺；意式馄饨
rayon	[ˈreɪɒn]	[ˈreɪɑːn]	(n.) 人造丝；人造纤维
recherche	[rəˈʃeəʃeɪ]	[rəʃerˈʃeɪ]	(adj.) 精选的；罕见的；晦涩的
reconnaissance	[rɪˈkɒnɪs(ə)ns]	[rɪˈkɑːnɪs(ə)ns]	(n.) 侦察；勘查；侦查
reconstitution	[ˌriːˌkɒnstɪˈtjuːʃ(ə)n]	[ˌriːˌkɑːnstɪˈtuːʃ(ə)n]	(n.) 重新组建；重新构成；复原；重新设立
reconstruction	[ˌriːkənˈstrʌkʃ(ə)n]	[ˌriːkənˈstrʌkʃ(ə)n]	(n.) 重建；重构；复原；（战后或灾后的）重建工作
record	[ˈrekɔːd]	[ˈrekərd]	(n.) 记录；记载；唱片；最高纪录；经历；前科(v.) 记录；记载；录制；录音；录像；标明；显示(adj.) 创纪录的
refrain	[rɪˈfreɪn]	[rɪˈfreɪn]	(v.) 克制；节制；避免(n.) 叠句；副歌；经常重复的评价（或抱怨）
refuge	[ˈrefjuːdʒ]	[ˈrefjuːdʒ]	(n.) 避难；避难所；庇护；慰藉；应急措施(v.) 给予……庇护；接纳……避难
regard	[rɪˈɡɑːd]	[rɪˈɡɑːrd]	(v.) 看待；认为；注意；尊重；和……有关(n.) 注意；尊重；问候；关心；方面
regret	[rɪˈɡret]	[rɪˈɡret]	(n.) 遗憾；懊悔；歉意(v.) 后悔；对……感到遗憾；惋惜；抱歉
regrettable	[rɪˈɡretəb(ə)l]	[rɪˈɡretəb(ə)l]	(adj.) 令人遗憾的；可惜的；可悲的
rein	[reɪn]	[reɪn]	(n.) 缰绳；控制手段；统治；支配(v.) 控制；驾驭；勒住（马）；严格控制
relation	[rɪˈleɪʃ(ə)n]	[rɪˈleɪʃ(ə)n]	(n.) 关系；联系；叙述；故事；亲属关系
relax	[rɪˈlæks]	[rɪˈlæks]	(v.) 放松；使休息；使轻松；放宽；变从容
religion	[rɪˈlɪdʒən]	[rɪˈlɪdʒən]	(n.) 宗教；宗教信仰；教派；信念
renaissance	[rɪˈneɪs(ə)ns]	[ˈrenəsɑːns]	(n.) 文艺复兴；文艺复兴时期；新生；复兴(adj.) 文艺复兴时期的；文艺复兴风格的
rentable	[ˈrentəb(ə)l]	[ˈrentəb(ə)l]	(adj.) 可出租的；可租用的
reportage	[repɔːˈtɑːʒ]	[rɪˈpɔːrtɪdʒ]	(n.) 新闻报道；报道文体；报道量
reporter	[rɪˈpɔːtə(r)]	[rɪˈpɔːrtər]	(n.) 记者；通讯员
reprise	[rɪˈpriːz]	[rɪˈpriːz]	(n.) 重复；重演；（音乐中的）再现部；（对事物的）重新尝试 (v.) 重复；重演；再次表演
reproduction	[ˌriːprəˈdʌkʃ(ə)n]	[ˌriːprəˈdʌkʃ(ə)n]	(n.) 繁殖；生殖；复制；复制品；再现
reptile	[ˈreptaɪl]	[ˈreptaɪl]	(n.) 爬行动物；卑鄙的人 (adj.) 爬行动物的；爬虫类的
requiem	[ˈrekwɪem]	[ˈrekwiəm]	(n.) 安魂曲；挽歌；（天主教）追思弥撒
respect	[rɪˈspekt]	[rɪˈspekt]	(n.) 尊重；尊敬；敬意；方面；（复数）问候 (v.) 尊重；尊敬；遵守；顾及
respectable	[rɪˈspektəb(ə)l]	[rɪˈspektəb(ə)l]	(adj.) 体面的；可敬的；相当好的；值得尊敬的
respecter	[rɪˈspektə(r)]	[rɪˈspektər]	(n.) 尊重者；趋炎附势者（用于否定句，如“a respecter of sth不偏袒……的人”）
respiration	[ˌrespəˈreɪʃ(ə)n]	[ˌrespəˈreɪʃ(ə)n]	(n.) 呼吸；呼吸作用
restaurant	[ˈrestrɒnt]	[ˈrestərɑːnt]	(n.) 餐馆；饭店
retard	[rɪˈtɑːd]	[rɪˈtɑːrd]	(v.) 阻碍；妨碍；减速；使迟缓；使智力迟钝 (n.) 延迟；耽误
revolver	[rɪˈvɒlvə(r)]	[rɪˈvɑːlvər]	(n.) 左轮手枪；旋转式装置
revue	[rɪˈvjuː]	[rɪˈvjuː]	(n.) 时事讽刺剧；歌舞喜剧
ride	[raɪd]	[raɪd]	(v.) 骑；乘（车、船等）；驾驭；搭乘；飘浮；穿越；（以某种方式）乘坐；（非正式）数落，嘲弄 (n.) （乘车或骑车的）短途旅程；（乘坐汽车等的）旅行；可供骑行的路；（游乐园里）供人乘坐的游乐设施
ridicule	[ˈrɪdɪkjuːl]	[ˈrɪdɪkjuːl]	(n.) 嘲笑；奚落 (v.) 嘲笑；奚落
rime	[raɪm]	[raɪm]	(n.) 霜；雾凇；白霜；（诗、文）rime的另一种拼写形式 (v.) 使蒙霜；结霜
ring	[rɪŋ]	[rɪŋ]	(n.) 戒指；环状物；圆形场地；铃声；钟声；团伙 (v.) 给……打电话；响起铃声；包围；圈起
rite	[raɪt]	[raɪt]	(n.) 仪式；典礼；习俗；惯例
rival	[ˈraɪv(ə)l]	[ˈraɪv(ə)l]	(n.) 对手；竞争者 (adj.) 竞争的；对抗的 (v.) 与……竞争；比得上某人；能与……媲美
rive	[raɪv]	[raɪv]	(v.) 撕开；使断裂；劈开；使分裂；猛地扯掉
robe	[rəʊb]	[rəʊb]	(n.) 长袍；浴袍；礼服；官服(v.) 给……穿上长袍（或浴袍等）；穿上长袍（或浴袍等）
robot	[ˈrəʊbɒt]	[ˈrəʊbɑːt]	(n.) 机器人；遥控装置；自动机械；机械般工作的人
rock	[rɒk]	[rɑːk]	(n.) 岩石；石块；礁石；摇滚乐；（复数）宝石；（复数）钻石(v.) （使）轻轻摇晃；（使）剧烈摇晃；（使）震动；使震惊
rose	[rəʊz]	[rəʊz]	(n.) 玫瑰；蔷薇；玫瑰红；玫瑰色；玫瑰花形物 (adj.) 玫瑰的；玫瑰色的；带有玫瑰香味的 (v.) （rise 的过去式）上升；升起；增加；上涨；站起来
rotation	[rəʊˈteɪʃ(ə)n]	[rəʊˈteɪʃ(ə)n]	(n.) 旋转；转动；轮流；循环；（农作物的）轮作
rouble	[ˈruːb(ə)l]	[ˈruːb(ə)l]	(n.) 卢布（俄罗斯等国货币单位）
rouge	[ruːʒ]	[ruːʒ]	(n.) 胭脂；腮红；红铁粉(v.) 搽胭脂；脸红；使变红
roulette	[ruːˈlet]	[ruːˈlet]	(n.) 轮盘赌；（军）转枪骑兵的转法；刻骑缝孔的机器
round	[raʊnd]	[raʊnd]	(adj.) 圆形的；球形的；丰满的；整数的；大约的(adv.) 围绕；旋转；在周围；迂回地；朝反方向；挨个(n.) 一轮；一回合；一场；一轮比赛；（一）圈；圆形物；巡视；（收发信件等的）固定路线(v.) 绕行；绕过；使成圆形；完成；使圆满；四舍五入
route	[ruːt]	[ruːt]	(n.) 路线；路途；途径；（固定）线路；（互联网的）路由(v.) 按特定路线发送；为…规定路线
routine	[ruːˈtiːn]	[ruːˈtiːn]	(n.) 常规；惯例；例行公事；日常工作；（计算机）程序(adj.) 常规的；例行的；日常的；平淡的
royal	[ˈrɔɪəl]	[ˈrɔɪəl]	(adj.) 皇家的；王室的；高贵的；壮丽的；极大的(n.) 王室成员
rude	[ruːd]	[ruːd]	(adj.) 粗鲁的；无礼的；粗糙的；粗略的；简陋的
rue	[ruː]	[ruː]	(v.) 懊悔；后悔；悲伤(n.) 芸香（植物）
rupture	[ˈrʌptʃə(r)]	[ˈrʌptʃər]	(n.) 破裂；（关系的）决裂；疝气(v.) （使）破裂；（使）裂开；（使）疝气发作
ruse	[ruːz]	[ruːz]	(n.) 诡计；计策；欺诈
sable	[ˈseɪb(ə)l]	[ˈseɪb(ə)l]	(n.) 紫貂；黑貂；貂皮；深褐色(adj.) 深褐色的；貂皮制的
sabot	[ˈsæbəʊ]	[ˈsæbəʊ]	(n.) 木底鞋； sabot 的复数形式
sabotage	[ˈsæbətɑːʒ]	[ˈsæbətɑːʒ]	(n.) 蓄意破坏；捣乱(vt.) 蓄意破坏；妨碍；捣乱
sabre	[ˈseɪbə(r)]	[ˈseɪbər]	(n.) 军刀；马刀；击剑用的轻剑(vt.) 用军刀砍（或杀）
sac	[sæk]	[sæk]	(n.) 囊；液囊；（动植物组织中的）囊状物
sachet	[ˈsæʃeɪ]	[sæˈʃeɪ]	(n.) 小袋；香囊；香粉袋；小药包
sacrifice	[ˈsækrɪfaɪs]	[ˈsækrɪfaɪs]	(n.) 牺牲；祭品；供奉；献祭(vt.) 牺牲；献祭；以…作祭品(vi.) 献祭
sage	[seɪdʒ]	[seɪdʒ]	(n.) 智者；圣人；鼠尾草(adj.) 明智的；贤明的；审慎的
saint	[seɪnt]	[seɪnt]	(n.) 圣徒；圣人；道德高尚的人；（教会正式封圣的）圣人；圣…（用于人名、地名等前）(vt.) 把…尊为圣人；声称…极为圣洁；净化
sale	[seɪl]	[seɪl]	(n.) 销售；销售额；拍卖；贱卖(adj.) 销售的；有关销售的
salon	[ˈsælɒn]	[səˈlɑːn]	(n.) 客厅；（营业性质的）店；厅；沙龙；美术展览馆
saloon	[səˈluːn]	[səˈluːn]	(n.) 酒馆；酒吧间；（轮船的）交谊厅；轿车的豪华车厢
salutation	[ˌsæljuˈteɪʃ(ə)n]	[ˌsæljuˈteɪʃ(ə)n]	(n.) 招呼；致意；问候语
samba	[ˈsæmbə]	[ˈsæmbə]	(n.) 桑巴舞 (v.) 跳桑巴舞
sanction	[ˈsæŋkʃ(ə)n]	[ˈsæŋkʃ(ə)n]	(n.) 制裁；批准；认可 (v.) 批准；认可；实施制裁
sang	[sæŋ]	[sæŋ]	(v.) sing的过去式
sardine	[ˌsɑːˈdiːn]	[ˌsɑːrˈdiːn]	(n.) 沙丁鱼
satellite	[ˈsætəlaɪt]	[ˈsætəlaɪt]	(n.) 卫星；人造卫星；卫星国；附属物 (adj.) 卫星的；人造卫星的；附属的
satin	[ˈsætɪn]	[ˈsæt(ə)n]	(n.) 缎子；绸缎(adj.) 绸缎做的；光滑的；似缎的
satisfaction	[ˌsætɪsˈfækʃ(ə)n]	[ˌsætɪsˈfækʃ(ə)n]	(n.) 满足；满意；欣慰；令人满意的事物；赔偿；补偿
sauce	[sɔːs]	[sɔːs]	(n.) 酱汁；调味汁；沙司；（口语）无礼的话（或举动）(vt.) 给…调味；使增加趣味；对…无礼
sauna	[ˈsɔːnə]	[ˈsɔːnə]	(n.) 桑拿浴；蒸汽浴；桑拿房；桑拿浴室(vi.) 洗桑拿浴
savant	[ˈsævənt]	[səˈvɑːnt]	(n.) 学者；专家；博学之士
scanner	[ˈskænə(r)]	[ˈskænər]	(n.) 扫描仪；扫描器；扫描设备；（医疗用的）扫描仪器；（电子）扫描器
science	[ˈsaɪəns]	[ˈsaɪəns]	(n.) 科学；技术；学科；理科
scoop	[skuːp]	[skuːp]	(n.) 勺；铲子；独家新闻；一勺的量；抢先报道的新闻(v.) 用勺舀；铲起；抢先报道；抱起
scooter	[ˈskuːtə(r)]	[ˈskuːtər]	(n.) 小型摩托车；滑板车；单脚滑行车；小轮摩托车
score	[skɔː(r)]	[skɔːr]	(n.) 分数；得分；二十；刻痕；配乐；宿怨；理由；乐谱(v.) 得分；计分；获得；刻痕；给…评分；为…配乐
scorpion	[ˈskɔːpiən]	[ˈskɔːrpiən]	(n.) 蝎子；心狠手辣的人
scotch	[skɒtʃ]	[skɑːtʃ]	(v.) 镇压；平息；用胶带粘贴；使成碎片(n.) 苏格兰人；苏格兰威士忌(adj.) 苏格兰的；苏格兰人的；苏格兰英语的
scout	[skaʊt]	[skaʊt]	(n.) 侦察员；童子军；搜索者；侦察机；男童子军(v.) 侦察；搜索；物色；当童子军
script	[skrɪpt]	[skrɪpt]	(n.) 脚本；剧本；笔迹；文字体系；考生的笔试卷；（广播、讲话等的）文字稿(v.) 把…改编为剧本；为…写脚本；书写
sculpture	[ˈskʌlptʃə(r)]	[ˈskʌlptʃər]	(n.) 雕塑；雕刻作品；雕像(v.) 雕塑；雕刻；塑造
second	[ˈsekənd]	[ˈsekənd]	(num.) 第二；（规模、质量等）居第二位的；另外的(adj.) 第二的；次要的；附加的(n.) 秒；瞬间；第二名；二等品(v.) 支持；附议；赞成提案；临时调派；短期调任
secret	[ˈsiːkrət]	[ˈsiːkrət]	(adj.) 秘密的；机密的；不公开的；善于掩饰自己的(n.) 秘密；机密；秘诀；奥秘
section	[ˈsekʃ(ə)n]	[ˈsekʃ(ə)n]	(n.) 部分；节；部门；章节；截面；地区；阶层(v.) 划分；切开；将…制成切片
seize	[siːz]	[siːz]	(v.) 抓住；捉住；夺取；没收；（疾病等）侵袭；理解
semblable	[ˈsembləb(ə)l]	[sembləbəl]	(adj.) 相似的；类似的
sensation	[senˈseɪʃ(ə)n]	[senˈseɪʃ(ə)n]	(n.) 感觉；轰动；感动；知觉；轰动一时的事件（或人物）
sensible	[ˈsensəb(ə)l]	[ˈsensəb(ə)l]	(adj.) 明智的；通情达理的；可感觉到的；明显的
sentence	[ˈsentəns]	[ˈsentəns]	(n.) 句子；判决；刑期 (v.) 判决；宣判；使遭受
sentiment	[ˈsentɪmənt]	[ˈsentɪmənt]	(n.) 感情；情绪；情操；观点；多愁善感
sentimental	[ˌsentɪˈment(ə)l]	[ˌsentɪˈment(ə)l]	(adj.) 多愁善感的；感情用事的；感伤的；充满柔情的
sermon	[ˈsɜːmən]	[ˈsɜːrmən]	(n.) 布道；讲道；说教；冗长的告诫
serpent	[ˈsɜːpənt]	[ˈsɜːrpənt]	(n.) 蛇；阴险的人
service	[ˈsɜːvɪs]	[ˈsɜːrvɪs]	(n.) 服务；公共服务系统；维修；服役；（网球等的）发球 (v.) 维修；保养；为……服务；提供（服务等）
serviette	[ˌsɜːviˈet]	[ˌsɜːrviˈet]	(n.) 餐巾
session	[ˈseʃ(ə)n]	[ˈseʃ(ə)n]	(n.) 会议；学期；开庭；（进行某活动的）一段时间
set	[set]	[set]	(v.) 放置；设定；使处于；确定；凝固；落山等 (n.) 一套；一副；布景；装置 (adj.) 固定的；规定的；指定的
sexy	[ˈseksi]	[ˈseksi]	(adj.) 性感的；迷人的；色情的
sheriff	[ˈʃerɪf]	[ˈʃerɪf]	(n.) （美国）县治安官；（英国）郡长
sherry	[ˈʃeri]	[ˈʃeri]	(n.) 雪利酒
shit	[ʃɪt]	[ʃɪt]	(n.) 屎；粪便；胡说八道；废物；讨厌的人(v.) 拉屎；对……胡扯；取笑；欺骗(int.) 呸；放屁
shooter	[ˈʃuːtə(r)]	[ˈʃuːtər]	(n.) 射手；枪手；投篮者；射门者；摄影者
shopping	[ˈʃɒpɪŋ]	[ˈʃɑːpɪŋ]	(n.) 购物；买东西(adj.) 购物用的
short	[ʃɔːt]	[ʃɔːrt]	(adj.) 短的；矮的；短暂的；短缺的；不足的；简略的；唐突的(n.) 短裤；短路；缺乏(v.) 缩短；使变短
signal	[ˈsɪɡnəl]	[ˈsɪɡnəl]	(n.) 信号；暗号；标志；预示；信号灯；（无线电、电视等的）信号(v.) 发信号；示意；标志着；表明；用信号通知(adj.) 显著的；作为信号的
signaler	[ˈsɪɡnələ(r)]	[ˈsɪɡnələr]	(n.) 信号员；信号兵；发信号者
signature	[ˈsɪɡnətʃə(r)]	[ˈsɪɡnətʃər]	(n.) 签名；署名；签字；签字仪式；手势；（音乐中的）调号；（印刷中的）装帧符号(v.) 签名；署名；签字；示意；打手势
signification	[ˌsɪɡnɪfɪˈkeɪʃ(ə)n]	[ˌsɪɡnɪfɪˈkeɪʃ(ə)n]	(n.) 意义；含义；重要性；表示
signifier	[ˈsɪɡnɪfaɪə(r)]	[ˈsɪɡnɪfaɪər]	(n.) 能指；表示者；信号物
silence	[ˈsaɪləns]	[ˈsaɪləns]	(n.) 沉默；寂静；无声；缄默；不谈；拒绝回答(v.) 使沉默；使安静；压制；消除噪音
silhouette	[ˌsɪluˈet]	[ˌsɪluˈet]	(n.) 轮廓；剪影；侧影(v.) 使呈现轮廓；使映出影子；给……画轮廓
silicone	[ˈsɪlɪkəʊn]	[ˈsɪlɪkəʊn]	(n.) 硅树脂；聚硅氧烷
simple	[ˈsɪmp(ə)l]	[ˈsɪmp(ə)l]	(adj.) 简单的；简易的；朴素的；单纯的；天真的；愚笨的；（数字）个位的(n.) 笨蛋；愚蠢的行为；出身低微者
simplifier	[ˈsɪmplɪfaɪˌə(r)]	[ˈsɪmplɪfaɪˌər]	(n.) 简化者；简化物；简化器
simulation	[ˌsɪmjuˈleɪʃ(ə)n]	[ˌsɪmjuˈleɪʃ(ə)n]	(n.) 模拟；模仿；假装；模拟实验（或研究）
singe	[sɪndʒ]	[sɪndʒ]	(v.) 烧焦；烫焦；（使）表面轻微烧灼；烤焦(n.) 轻微烧焦；焦痕
sire	[ˈsaɪə(r)]	[ˈsaɪər]	(n.) 雄性种畜；（书面语）父亲；（文学）创造者；（旧）陛下(v.) 生殖；创作；成为……的父亲
site	[saɪt]	[saɪt]	(n.) 地点；位置；场所；网站；遗址(vt.) 使坐落在；设置；选址
situation	[ˌsɪtʃuˈeɪʃ(ə)n]	[ˌsɪtʃuˈeɪʃ(ə)n]	(n.) 情况；形势；局面；位置；职位；地点；（建筑物等的）环境
six	[sɪks]	[sɪks]	(n.) 六；六个；六岁；六点(adj.) 六的；六个的
skate	[skeɪt]	[skeɪt]	(n.) 滑冰鞋；旱冰鞋；滑水板；鳐鱼(v.) 滑冰；溜冰；滑（水）；溜；悄悄走
sketch	[sketʃ]	[sketʃ]	(n.) 素描；速写；草图；梗概；概述；幽默短剧(v.) 画素描；画速写；草拟；概述
ski	[skiː]	[skiː]	(n.) 滑雪板；滑雪屐(v.) 滑雪
skier	[ˈskiːə(r)]	[ˈskiːər]	(n.) 滑雪者
slip	[slɪp]	[slɪp]	(v.) 滑倒；滑落；溜走；悄悄移动；下降；陷入；塞入；错过(n.) 滑倒；差错；纸条；疏漏；衬裙
slogan	[ˈsləʊɡən]	[ˈsləʊɡən]	(n.) 标语；口号
smoking	[ˈsməʊkɪŋ]	[ˈsməʊkɪŋ]	(n.) 吸烟；冒烟(adj.) 允许吸烟的
sniffer	[sˈnɪfə(r)]	[sˈnɪfər]	(n.) 嗅探器；探测器；以鼻吸毒者
sniper	[ˈsnaɪpə(r)]	[ˈsnaɪpər]	(n.) 狙击手
social	[ˈsəʊʃ(ə)l]	[ˈsəʊʃ(ə)l]	(adj.) 社会的；社交的；群居的；社会上的；有关社会福利的(n.) 联谊会；联欢会
soda	[ˈsəʊdə]	[ˈsəʊdə]	(n.) 苏打；汽水；碳酸钠；碳酸氢钠
sofa	[ˈsəʊfə]	[ˈsəʊfə]	(n.) 沙发
sol	[sɒl]	[səʊl]	(n.) 溶胶；液胶；索尔（南美洲的一种本地货币单位）；（音乐）全音阶中的第五音
solitaire	[ˌsɒləˈteə(r)]	[ˈsɑːləter]	(n.) 单人纸牌游戏；单人跳棋；单粒宝石；独居者
solitude	[ˈsɒlətjuːd]	[ˈsɑːlətuːd]	(n.) 孤独；独居；独处；偏僻处；荒僻的地方
solo	[ˈsəʊləʊ]	[ˈsəʊləʊ]	(n.) 独奏；独唱；独舞；单人表演；单飞(adj.) 单独的；独奏的；独唱的；单飞的(adv.) 单独地；独自地(v.) 独奏；独唱；单独表演；单飞
solution	[səˈluːʃ(ə)n]	[səˈluːʃ(ə)n]	(n.) 解决方案；溶液；溶解；解答；清偿（债务）
sombre	[ˈsɒmbə(r)]	[ˈsɑːmbər]	(adj.) 忧郁的；昏暗的；严峻的；阴天的
son	[sʌn]	[sʌn]	(n.) 儿子；孩子（对年轻人的称呼）；男性后裔
soprano	[səˈprɑːnəʊ]	[səˈprɑːnəʊ]	(n.) 女高音；女高音歌手；高音部；高音键(adj.) 女高音的；高音的
sort	[sɔːt]	[sɔːrt]	(n.) 种类；类别；某一种人(v.) 分类；整理；区分；妥善处理；（使）排成整齐的一队
sortie	[ˈsɔːti]	[ˈsɔːrti]	(n.) 出击；突围；（飞机的）出动架次；（军队的）出击行动
souffle	[ˈsuːfleɪ]	[suːˈfleɪ]	(n.) 舒芙蕾（一种法式蛋奶酥）
source	[sɔːs]	[sɔːrs]	(n.) 来源；出处；源头；消息人士；根源；源泉(vt.) （从特定来源）获得
souvenir	[ˌsuːvəˈnɪə(r)]	[ˌsuːvəˈnɪər]	(n.) 纪念品；纪念物
spaghetti	[spəˈɡeti]	[spəˈɡeti]	(n.) 意大利面条；意大利式细面条
spatial	[ˈspeɪʃ(ə)l]	[ˈspeɪʃ(ə)l]	(adj.) 空间的；与空间有关的；存在于空间的
spectacle	[ˈspektək(ə)l]	[ˈspektək(ə)l]	(n.) 精彩的表演；奇观；壮观的场面；眼镜；（复）眼镜
spectre	[ˈspektə(r)]	[ˈspektər]	(n.) 幽灵；鬼怪；（坏事发生的）凶兆；缠绕心头的恐惧
speed	[spiːd]	[spiːd]	(n.) 速度；速率；快速；昌盛；（汽车的）变速器，排挡(v.) 快速前行；超速行驶；加速；促进
sponsor	[ˈspɒnsə(r)]	[ˈspɑːnsər]	(n.) 赞助者；赞助商；发起者；主办者；倡议者；保证人(vt.) 赞助；资助；发起；主办；倡议；为……做保证人
sport	[spɔːt]	[spɔːrt]	(n.) 运动；体育活动；（某项）体育运动；运动会；玩笑；娱乐；突变；芽变(adj.) 有关体育运动的；运动用的；非正式的；开玩笑的(v.) 嬉戏；玩耍；炫耀；参加体育运动；（引人注目地）穿戴；展示
spot	[spɒt]	[spɑːt]	(n.) 地点；场所；斑点；污渍；（皮肤上的）疹斑；（特定的）一点；少量；困境；职位；名次；（太阳等的）黑子(vt.) 发现；认出；弄脏；使有污渍；用点子装饰；下小雨(adj.) 现货交易的；立即支付的
spray	[spreɪ]	[spreɪ]	(n.) 喷雾；喷雾剂；喷雾器；浪花；飞沫(v.) 喷；喷洒；向……喷洒；（使）溅散
square	[skweə(r)]	[skwer]	(n.) 正方形；广场；平方；二次幂；直角尺；（方形）街区(adj.) 正方形的；平方的；直角的；正直的；公平的；结清的；坦率的；平行的(vt.) 使成正方形；使成平方；使相符；使协调；结清；贿赂；使（比赛）打平(vi.) 一致；成方形；结清账目
stabiliser	[ˈsteɪbəlaɪzə(r)]	[ˈsteɪbəlaɪzər]	(n.) 稳定器；稳定剂；安定剂
stable	[ˈsteɪb(ə)l]	[ˈsteɪb(ə)l]	(adj.) 稳定的；稳固的；安定的；可靠的；沉稳的；牢固的(n.) 马厩；牛棚；养马场；一群赛马；一批人；（公司的）全部产品(vt.) 使稳定；使安定；使坚固(vi.) 稳定下来；变得稳固
stage	[steɪdʒ]	[steɪdʒ]	(n.) 阶段；时期；舞台；戏剧表演；行程；步骤(vt.) 上演；举行；筹划；使发生；使出现(vi.) 适于上演；乘驿车旅行
stand	[stænd]	[stænd]	(v.) 站立；直立；站起来；使站立；忍受；容忍；经得起；承担；站立于；位于(n.) 站立；立场；看台；停止；抵抗
standard	[ˈstændəd]	[ˈstændərd]	(n.) 标准；水准；规格；旗帜；支柱(adj.) 标准的；合规格的；公认为优秀的
star	[stɑː(r)]	[stɑːr]	(n.) 星；恒星；明星；星形物(v.) 用星号标；使担任主角；主演；表现出色
station	[ˈsteɪʃ(ə)n]	[ˈsteɪʃ(ə)n]	(n.) 车站；站；所；局；电台；电视台；地位；身份；岗位 (v.) 使驻扎；安置
statue	[ˈstætʃuː]	[ˈstætʃuː]	(n.) 雕像；塑像
steak	[steɪk]	[steɪk]	(n.) 牛排；肉排；鱼排；碎牛肉 (v.) 煎牛排；扒
stock	[stɒk]	[stɑːk]	(n.) 存货；储备；库存商品；股份；股票；家畜；树干；血统(vt.) 储备；储存；供应；放养(adj.) 常备的；存货的；惯用的
stop	[stɒp]	[stɑːp]	(v.) 停止；中断；阻止；逗留；（使）停下来(n.) 停止；车站；逗留；停留；句号(adj.) 停止的；停顿的
stopper	[ˈstɒpə(r)]	[ˈstɑːpər]	(n.) 塞子；阻塞物；制止者；（足球等的）守门员(vt.) 用塞子塞住；阻止；抑制
store	[stɔː(r)]	[stɔːr]	(n.) 商店；店铺；储存；储备；仓库(v.) 储存；贮藏；保存；储备
stress	[stres]	[stres]	(n.) 压力；强调；重音；应力 (vt.) 强调；使承受压力；重读
strict	[strɪkt]	[strɪkt]	(adj.) 严格的；严厉的；严密的；精确的
string	[strɪŋ]	[strɪŋ]	(n.) 线；弦；细绳；一串；一系列 (v.) 用线串起来；悬挂；系；扎 
structure	[ˈstrʌktʃə(r)]	[ˈstrʌktʃər]	(n.) 结构；构造；建筑物；体系；体制 (v.) 构成；使结构化；组织
studio	[ˈstjuːdiəʊ]	[ˈstuːdiəʊ]	(n.) 工作室；画室；录音室；摄影棚；（制作电影、广播或电视节目的）演播室；单间公寓
style	[staɪl]	[staɪl]	(n.) 风格；样式；方式；作风；款式；（文学、艺术等的）风格；（衣服、家具等的）款式；称呼；称号；（植物学中的）花柱(vt.) 设计；称呼；使合潮流；使成为……风格(vi.) 设计式样；用刻刀作装饰画
sublime	[səˈblaɪm]	[səˈblaɪm]	(adj.) 崇高的；壮丽的；宏伟的；令人赞叹的；极端的(vt.) 使升华；使变高尚(vi.) 升华；纯化
substance	[ˈsʌbstəns]	[ˈsʌbstəns]	(n.) 物质；材料；实质；主旨；重要性；资产
subvention	[səbˈvenʃ(ə)n]	[səbˈvenʃ(ə)n]	(n.) 津贴；补助金；援助金
succession	[səkˈseʃ(ə)n]	[səkˈseʃ(ə)n]	(n.) 连续；一连串；一系列；（王位、头衔等的）继承；继任；继承权；（地质）演替
suggestion	[səˈdʒestʃən]	[səˈdʒestʃən]	(n.) 建议；提议；暗示；联想；细微的迹象
suicide	[ˈsuːɪsaɪd]	[ˈsuːɪsaɪd]	(n.) 自杀；自杀行为；自杀者 (adj.) 自杀的；自杀性的；自我毁灭的；自取灭亡的 (v.) 自杀
suite	[swiːt]	[swiːt]	(n.) 一套家具；套房；一套；（尤指为特定场合制作的）一套衣服；（纸牌中的）同花色的一组牌；（军队的）班；（一套）餐具；随从；（软件的）套件 (vt.) 为…… 提供（家具、设备等）
super	[ˈsuːpə(r)]	[ˈsuːpər]	(adj.) 特级的；极好的；超级的 (n.) 主管；特级品；特大号；临时雇员 (adv.) 特别；格外
superstition	[ˌsuːpəˈstɪʃ(ə)n]	[ˌsuːpərˈstɪʃ(ə)n]	(n.) 迷信
supplier	[səˈplaɪə(r)]	[səˈplaɪər]	(n.) 供应商；供应者；补给者
support	[səˈpɔːt]	[səˈpɔːrt]	(v.) 支持；支撑；拥护；资助；为…提供证据；忍受；证实(n.) 支持；支撑；拥护；资助；支撑物；支持者
supporter	[səˈpɔːtə(r)]	[səˈpɔːrtər]	(n.) 支持者；拥护者；赞助者
supposition	[ˌsʌpəˈzɪʃ(ə)n]	[ˌsʌpəˈzɪʃ(ə)n]	(n.) 假定；推测；猜想
surf	[sɜːf]	[sɜːrf]	(v.) 冲浪；（互联网上）冲浪；浏览（网页）；（使）在浪上航行；轻快地移动(n.) 激浪；碎浪
surface	[ˈsɜːfɪs]	[ˈsɜːrfɪs]	(n.) 表面；表层；外观；外表；（物体的）面；水面；（液体的）液面(v.) 浮出水面；（使）出现；（使）显露；给…加表面；在…上加表层
surfer	[ˈsɜːfə(r)]	[ˈsɜːrfər]	(n.) 冲浪者；（互联网上的）浏览者
surprise	[səˈpraɪz]	[sərˈpraɪz]	(v.) 使惊奇；使诧异；突然袭击；撞见(n.) 惊奇；诧异；意想不到的事；令人惊奇的事（或人）
surveillance	[sɜːˈveɪləns]	[sɜːrˈveɪləns]	(n.) 监视；监督；监控
susceptible	[səˈseptəb(ə)l]	[səˈseptəb(ə)l]	(adj.) 易受影响的；易患（病等）的；敏感的；可被…影响的；能经受（某种处理）的
suspect	[səˈspekt]	[səˈspekt]	(v.) 怀疑；猜想；觉得（尤指坏事可能属实或发生）(n.) 嫌疑犯；可疑对象(adj.) 可疑的；不可信的
suspense	[səˈspens]	[səˈspens]	(n.) 悬念；悬疑；焦虑；悬而未决
suspension	[səˈspenʃ(ə)n]	[səˈspenʃ(ə)n]	(n.) 暂停；中止；悬架；悬浮液；悬置；（车辆的）减震装置；暂令停职（或停学等） 
suture	[ˈsuːtʃə(r)]	[ˈsuːtʃər]	(n.) 缝合；缝线；（伤口等的）缝合处 (v.) 缝合；缝拢；使紧密结合
synagogue	[ˈsɪnəɡɒɡ]	[ˈsɪnəɡɑːɡ]	(n.) 犹太教堂；犹太教徒的集会
syndrome	[ˈsɪndrəʊm]	[ˈsɪndrəʊm]	(n.) 综合征；综合症状；典型表现
table	[ˈteɪb(ə)l]	[ˈteɪb(ə)l]	(n.) 桌子；表格；平地层；（饭桌上的）食物；名次表 (v.) 搁置；把…列入议事日程；提出；使成平面
tableau	[ˈtæbləʊ]	[ˈtæbləʊ]	(n.) 画面；活人画；舞台造型；场景
tact	[tækt]	[tækt]	(n.) 机智；圆滑；得体；触觉
talent	[ˈtælənt]	[ˈtælənt]	(n.) 才能；天赋；人才；有才能的人；（统称）性感的人
talon	[ˈtælən]	[ˈtælən]	(n.) 爪子；（如爪子般的）手；爪状物；（猛禽的）爪；（机械中的）爪
tampon	[ˈtæmpɒn]	[ˈtæmpɑːn]	(n.) 卫生棉条；止血塞
tango	[ˈtæŋɡəʊ]	[ˈtæŋɡəʊ]	(n.) 探戈舞；探戈舞曲(v.) 跳探戈舞
tank	[tæŋk]	[tæŋk]	(n.) 坦克；水箱；水槽；池塘；罐；一箱（或一桶等）的量(v.) 把……贮放在柜内；打败
tanner	[ˈtænə(r)]	[ˈtænər]	(n.) 制革工人；鞣皮匠
tape	[teɪp]	[teɪp]	(n.) 磁带；胶带；带子；录音带；录像带(v.) 用胶带粘贴；用磁带录制
taper	[ˈteɪpə(r)]	[ˈteɪpər]	(v.) 逐渐变细；逐渐减少；使逐渐变细(n.) 细蜡烛；渐弱；（点火用的）长木条；锥形纸卷
taxi	[ˈtæksi]	[ˈtæksi]	(n.) 出租车；(v.) 乘出租车；（飞机）滑行
team	[tiːm]	[tiːm]	(n.) 团队；组；队；一窝（小动物）；（动词）使合作；使协作
technique	[tekˈniːk]	[tekˈniːk]	(n.) 技巧；技术；手法；技能
temple	[ˈtemp(ə)l]	[ˈtemp(ə)l]	(n.) 庙宇；寺院；神殿；太阳穴；（摩门教）圣殿
tendance	[ˈtendəns]	[ˈtendəns]	(n.) 照料；服侍； attendance的变体
tennis	[ˈtenɪs]	[ˈtenɪs]	(n.) 网球运动；网球
tension	[ˈtenʃ(ə)n]	[ˈtenʃ(ə)n]	(n.) 紧张；张力；拉力；矛盾；(v.) 使紧张；使拉紧
tentative	[ˈtentətɪv]	[ˈtentətɪv]	(adj.) 试探性的；暂时的；踌躇的
tequila	[təˈkiːlə]	[təˈkiːlə]	(n.) 龙舌兰酒
terminal	[ˈtɜːmɪn(ə)l]	[ˈtɜːrmɪn(ə)l]	(n.) 终端；终点站；末端；计算机终端；(adj.) 晚期的；末端的；终端的
terminus	[ˈtɜːmɪnəs]	[ˈtɜːrmɪnəs]	(n.) 终点站；终点；界限；末端
termite	[ˈtɜːmaɪt]	[ˈtɜːrmaɪt]	(n.) 白蚁
terrain	[təˈreɪn]	[təˈreɪn]	(n.) 地形；地势；地带
terrible	[ˈterəb(ə)l]	[ˈterəb(ə)l]	(adj.) 糟糕的；可怕的；严重的；极度的
test	[test]	[test]	(n.) 测试；试验；考试；检验；(v.) 测试；试验；检验；考查；考验
testament	[ˈtestəmənt]	[ˈtestəmənt]	(n.) 遗嘱；证明；圣约
tester	[ˈtestə(r)]	[ˈtestər]	(n.) 测试人员；测试仪；试用品；验电器
thorax	[ˈθɔːræks]	[ˈθɔːræks]	(n.) 胸部；胸膛；（昆虫的）胸部
tibia	[ˈtɪbiə]	[ˈtɪbiə]	(n.) 胫骨
tic	[tɪk]	[tɪk]	(n.) （尤指人因紧张等不由自主的）抽搐；痉挛
ticket	[ˈtɪkɪt]	[ˈtɪkɪt]	(n.) 票；入场券；车票；戏票；（交通违章）通知单；候选人名单；（某一政党或团体的）纲领(v.) 售票；给… 门票；给… 开交通违章通知单
timbre	[ˈtæmbə(r)]	[ˈtæmbər]	(n.) 音色；音质；音品
timing	[ˈtaɪmɪŋ]	[ˈtaɪmɪŋ]	(n.) 时机的选择；时间的掌握；火候；时间安排；（运动比赛中）速度的掌握；计时；定时；时间测定
titre	[ˈtaɪtə]	[ˈtaɪtər]	(n.) 滴定度；（化学）浓度测定；滴定率
toast	[təʊst]	[təʊst]	(n.) 干杯；祝酒；敬酒；祝酒词；烤面包；吐司(v.) 为…干杯；敬酒；烤（面包等）；烘干（尤指湿衣服）
toile	[twɑːl]	[twɑːl]	(n.) （法）厕所；化妆室
toilette	[twɑːˈlet]	[twɑːˈlet]	(n.) 梳妆；打扮；女式服装；便服；（剧院的）化妆室
ton	[tʌn]	[tʌn]	(n.) 吨；大量；许多；（尤指）重的东西
tonne	[tʌn]	[tʌn]	(n.) 吨（公制重量单位，等于1000千克）
top	[tɒp]	[tɑːp]	(n.) 顶部；顶端；上部；最高位；上衣(adj.) 最高的；顶上的；头等的(v.) 超过；居……之首；加盖；达到顶端
torrent	[ˈtɒrənt]	[ˈtɔːrənt]	(n.) 奔流；急流；迸发；连续不断（如话语、感情等）
tort	[tɔːt]	[tɔːrt]	(n.) 侵权行为；民事侵权
torture	[ˈtɔːtʃə(r)]	[ˈtɔːrtʃər]	(n.) 折磨；拷问；痛苦(v.) 折磨；拷问；使痛苦
torturer	[ˈtɔːtʃərə(r)]	[ˈtɔːrtʃərər]	(n.) 折磨者；拷问者
total	[ˈtəʊt(ə)l]	[ˈtəʊt(ə)l]	(adj.) 总的；全部的；完全的(n.) 总数；合计(v.) 总计；共计；把……加起来
touche	[tuːˈʃeɪ]	[tuːˈʃeɪ]	(int.) 一针见血；说得对
tour	[tʊə]	[tʊr]	(n.) 旅行；旅游；巡回演出；巡视(v.) 旅行；旅游；巡回演出；巡视
tout	[taʊt]	[taʊt]	(v.) 兜售；招徕顾客；极力劝说；告密(n.) 侦查者；兜售者
trace	[treɪs]	[treɪs]	(v.) 追踪；追溯；查出；描摹；留下痕迹(n.) 痕迹；踪迹；微量；少许
tracer	[ˈtreɪsə(r)]	[ˈtreɪsər]	(n.) 追踪者；示踪剂；曳光弹
tract	[trækt]	[trækt]	(n.) 大片土地；地带；（政治或宗教的）短文；传单；（人体的）道，束
tradition	[trəˈdɪʃ(ə)n]	[trəˈdɪʃ(ə)n]	(n.) 传统；惯例；传说
train	[treɪn]	[treɪn]	(n.) 火车；列车；一系列；一连串；行列；裙裾(v.) 训练；培训；培养；锻炼；使（植物）沿着一定方向生长
trait	[treɪt]	[treɪt]	(n.) 特征；特点；特性
tram	[træm]	[træm]	(n.) 有轨电车；（英）煤车；吊车(v.) 乘电车
tranche	[trɑːnʃ]	[trɑːnʃ]	(n.) （资金等的）一部分；（时间上的）一段；（债券等的）一期
transaction	[trænˈzækʃ(ə)n]	[trænˈzækʃ(ə)n]	(n.) 交易；业务；事务；（学术会议的）学报；会报
transformation	[ˌtrænsfəˈmeɪʃ(ə)n]	[ˌtrænsfərˈmeɪʃ(ə)n]	(n.) 转变；变革；变形；（数学）变换
transformer	[trænsˈfɔːmə(r)]	[trænsˈfɔːrmər]	(n.) 变压器；促使变化的人（或事物）；（计算机）转换器
transfusion	[trænsˈfjuːʒ(ə)n]	[trænsˈfjuːʒ(ə)n]	(n.) 输血；输液；（思想、感情等的）注入
transition	[trænˈzɪʃ(ə)n]	[trænˈzɪʃ(ə)n]	(n.) 过渡；转变；变迁；转调 (v.) 转变；过渡
transmission	[trænzˈmɪʃ(ə)n]	[trænzˈmɪʃ(ə)n]	(n.) 传输；传送；传播；传染；发射；（无线电、电视等的）播送
transparent	[trænsˈpærənt]	[trænsˈpærənt]	(adj.) 透明的；清澈的；明显的；易懂的
transplantation	[ˌtrænsplɑːnˈteɪʃ(ə)n]	[ˌtrænsplænˈteɪʃ(ə)n]	(n.) 移植；移栽；移居
transport	[ˈtrænspɔːt]	[ˈtrænspɔːrt]	(v.) 运输；运送；使产生身临其境的感觉；流放 (n.) 运输；运输工具；（军事）运输船
transporter	[trænˈspɔːtə(r)]	[trænˈspɔːrtər]	(n.) 运输者；运输机；转运蛋白
trauma	[ˈtrɔːmə]	[ˈtraʊmə]	(n.) 创伤；外伤；精神创伤；痛苦经历
travail	[ˈtræveɪl]	[trəˈveɪl]	(n.) 艰苦劳动； travail；痛苦；分娩的阵痛 (v.) 辛勤劳动；受苦
trembler	[ˈtremblə(r)]	[ˈtremblər]	(n.) 颤抖的人或物；（电铃等的）震颤装置
triangle	[ˈtraɪæŋɡl]	[ˈtraɪæŋɡl]	(n.) 三角形；三角关系；三角形物体
tribunal	[traɪˈbjuːn(ə)l]	[traɪˈbjuːn(ə)l]	(n.) 法庭；裁判所；裁决机构
tribune	[ˈtrɪbjuːn]	[ˈtrɪbjuːn]	(n.) （古罗马的）护民官；民众领袖；论坛；看台
trier	[ˈtraɪə(r)]	[ˈtraɪər]	(n.) 试验者；尝试者；试图努力的人
trio	[ˈtriːəʊ]	[ˈtriːəʊ]	(n.) 三重唱；三重奏；三人组；三件一套
trip	[trɪp]	[trɪp]	(n.) 旅行；绊倒；差错(v.) 绊倒；旅行；轻快地走；失足；使犯错
tripe	[traɪp]	[traɪp]	(n.) 牛肚；猪肚；废话；无价值的东西
triple	[ˈtrɪp(ə)l]	[ˈtrɪp(ə)l]	(adj.) 三倍的；三重的；三部分的(n.) 三倍；三个一组(v.) 使成三倍；增加两倍
trombone	[trɒmˈbəʊn]	[trɑːmˈbəʊn]	(n.) 长号
tropical	[ˈtrɒpɪk(ə)l]	[ˈtrɑːpɪk(ə)l]	(adj.) 热带的；炎热的；热情的(n.) 热带地区的人
trotter	[ˈtrɒtə(r)]	[ˈtrɑːtər]	(n.) 猪蹄；（供食用的）动物蹄；跑步者
trouble	[ˈtrʌb(ə)l]	[ˈtrʌb(ə)l]	(n.) 麻烦；烦恼；故障；困难(v.) 使烦恼；麻烦；打扰；费心
troupe	[truːp]	[truːp]	(n.) 剧团；表演团；一群(vi.) 巡回演出
tube	[tjuːb]	[tuːb]	(n.) 管子；管道；（英）地铁；（美）电视；管状器官(v.) 用管道输送；乘地铁；不及格
tunnel	[ˈtʌn(ə)l]	[ˈtʌn(ə)l]	(n.) 隧道；地道；洞穴通道(v.) 挖掘隧道；挖地道；穿过
type	[taɪp]	[taɪp]	(n.) 类型；种类；品种；样式；血型；字体(v.) 打字；测定（血等）的类型
uni	[ˈjuːni]	[ˈjuːni]	(前缀) 表示“单一的”“一个的”“唯一的”
union	[ˈjuːniən]	[ˈjuːniən]	(n.) 工会；联盟；联合；合并；团结；（一）连（军队单位）
unique	[juˈniːk]	[juˈniːk]	(adj.) 独特的；独一无二的；稀罕的(n.) 独一无二的人（或事物）
urgent	[ˈɜːdʒənt]	[ˈɜːrdʒənt]	(adj.) 紧急的；急迫的；至关重要的
urine	[ˈjʊərɪn]	[ˈjʊrɪn]	(n.) 尿
usage	[ˈjuːsɪdʒ]	[ˈjuːsɪdʒ]	(n.) 使用；用法；惯例；习惯用法
user	[ˈjuːzə(r)]	[ˈjuːzər]	(n.) 用户；使用者 
utile	[ˈjuːtaɪl]	[ˈjuːtaɪl]	(adj.) 有用的；有益的
utilisation	[ˌju:tɪlaɪˈzeɪʃən]	[ˌjutəlaɪˈzeʃən]	(n.) 利用，使用
vagabond	[ˈvæɡəbɒnd]	[ˈvæɡəbɑːnd]	(n.) 流浪者；漂泊者(adj.) 流浪的；漂泊不定的；游手好闲的
vague	[veɪɡ]	[veɪɡ]	(adj.) 模糊的；含糊的；不明确的；茫然的
vain	[veɪn]	[veɪn]	(adj.) 徒劳的；无效的；虚荣的；自负的；无价值的
valet	[ˈvælɪt]	[ˈvælɪt]	(n.) 男仆；（旅馆中）为客人洗熨衣服的服务员(vt.) 侍候；做男仆
valve	[vælv]	[vælv]	(n.) 阀；阀门；瓣膜；气门；（管乐器的）活瓣
vampire	[ˈvæmpaɪə(r)]	[ˈvæmpaɪər]	(n.) 吸血鬼；吸血蝙蝠；榨取他人利益者
van	[væn]	[væn]	(n.) 厢式货车；面包车；（铁路上的）棚车；（有篷的）运货车
vase	[vɑːz]	[veɪz]	(n.) 花瓶；装饰瓶
vassal	[ˈvæs(ə)l]	[ˈvæs(ə)l]	(n.) 封臣；附庸；下属(adj.) 臣属的；附庸的
vengeance	[ˈvendʒəns]	[ˈvendʒəns]	(n.) 复仇；报复；报仇心
vent	[vent]	[vent]	(n.) 通风口；排放口；（感情等的）发泄途径(v.) 表达；发泄（情感等）；给…开孔；排放
ventilation	[ˌventɪˈleɪʃ(ə)n]	[ˌventɪˈleɪʃ(ə)n]	(n.) 通风；通风设备；空气流通；公开讨论
venue	[ˈvenjuː]	[ˈvenjuː]	(n.) 举办场所；场地；（事件的）发生地点；审判地
verbal	[ˈvɜːb(ə)l]	[ˈvɜːrb(ə)l]	(adj.) 口头的；言语的；文字的；动词的(n.) 动词性单词（或短语、从句）
verdict	[ˈvɜːdɪkt]	[ˈvɜːrdɪkt]	(n.) 裁决；裁定；判断；意见
version	[ˈvɜːʃ(ə)n]	[ˈvɜːrʒ(ə)n]	(n.) 版本；译本；说法；变体；（计算机软件等的）版本
via	[ˈvaɪə]	[ˈvaɪə]	(prep.) 经由；通过；凭借(n.) 道路；通道
vibration	[vaɪˈbreɪʃ(ə)n]	[vaɪˈbreɪʃ(ə)n]	(n.) 振动；颤动；震动；摆动
vice	[vaɪs]	[vaɪs]	(n.) 恶习；缺点；罪恶；老虎钳(adj.) 副的；代替的(vt.) 钳住
vie	[vaɪ]	[vaɪ]	(vi.) 竞争；争夺；较量
vigilant	[ˈvɪdʒɪlənt]	[ˈvɪdʒɪlənt]	(adj.) 警惕的；警觉的；警戒的
villa	[ˈvɪlə]	[ˈvɪlə]	(n.) 别墅；城郊住宅
village	[ˈvɪlɪdʒ]	[ˈvɪlɪdʒ]	(n.) 村庄；乡村；村民；乡村居民点
viol	[ˈvaɪəl]	[ˈvaɪəl]	(n.) 维奥尔琴
violation	[ˌvaɪəˈleɪʃ(ə)n]	[ˌvaɪəˈleɪʃ(ə)n]	(n.) 违反；违背；侵犯；干扰；（对身体的）侵犯行为
violence	[ˈvaɪələns]	[ˈvaɪələns]	(n.) 暴力；暴行；激烈；猛烈
violent	[ˈvaɪələnt]	[ˈvaɪələnt]	(adj.) 暴力的；猛烈的；激烈的；强烈的；充满暴力的；由暴力引起的
violet	[ˈvaɪələt]	[ˈvaɪələt]	(n.) 紫罗兰；堇菜；紫罗兰色(adj.) 紫罗兰色的
virus	[ˈvaɪrəs]	[ˈvaɪrəs]	(n.) 病毒；滤过性病毒；病毒性疾病；病毒感染；（计算机）病毒；毒素；毒害
visa	[ˈviːzə]	[ˈviːzə]	(n.) 签证(vt.) 签发签证
visage	[ˈvɪzɪdʒ]	[ˈvɪzɪdʒ]	(n.) 面容；外表；外观
visible	[ˈvɪzəb(ə)l]	[ˈvɪzəb(ə)l]	(adj.) 可见的；明显的；有形的；引人注目的(n.) 可见物；直观教具 
vision	[ˈvɪʒ(ə)n]	[ˈvɪʒ(ə)n]	(n.) 视力；视觉；想象力；幻想；幻觉；构想；设想(v.) 想象；幻想；梦见 
vital	[ˈvaɪt(ə)l]	[ˈvaɪt(ə)l]	(adj.) 至关重要的；生死攸关的；有活力的；充满生机的；生命的；维持生命所必需的 
vitamine	[ˈvɪtəmɪn]	[ˈvɪtəmɪn]	(n.) 维生素
vocal	[ˈvəʊk(ə)l]	[ˈvəʊk(ə)l]	(adj.) 声音的；有声的；歌唱的；直言不讳的；嗓音的(n.) 声乐作品；元音 
vocation	[vəʊˈkeɪʃ(ə)n]	[vəʊˈkeɪʃ(ə)n]	(n.) 职业；行业；使命；天职；（对某种职业的）禀性，才能 
vodka	[ˈvɒdkə]	[ˈvɑːdkə]	(n.) 伏特加酒 
vogue	[vəʊɡ]	[vəʊɡ]	(n.) 时尚；流行；时髦的事物(adj.) 流行的；时髦的 
volant	[ˈvəʊlənt]	[ˈvəʊlənt]	(adj.) 能飞的；敏捷的；迅速的；（纹章学中鸟类）展翅飞翔的 
volume	[ˈvɒljuːm]	[ˈvɑːljəm]	(n.) 卷；册；体积；容积；音量；大量；许多(adj.) 大量的；许多的
vortex	[ˈvɔːteks]	[ˈvɔːrteks]	(n.) 漩涡；旋风；（局势等的）中心；（物理）涡旋
vote	[vəʊt]	[vəʊt]	(v.) 投票；表决；选举；提议；投票决定(n.) 投票；选票；表决；选举权
voter	[ˈvəʊtə(r)]	[ˈvəʊtər]	(n.) 选民；投票者；选举人
voyage	[ˈvɔɪɪdʒ]	[ˈvɔɪɪdʒ]	(n.) 航行；旅行；（尤指）航海；航天(v.) 航行；旅行；航海；航天
voyager	[ˈvɔɪɪdʒə(r)]	[ˈvɔɪɪdʒər]	(n.) 航海者；旅行者；（尤指）太空旅行者
voyageur	[ˌvɔɪəˈʒɜː]	[ˌvɔɪəˈʒɜ]	(n.) （加拿大历史上的）船夫；旅行者
voyeur	[vɔɪˈɜː(r)]	[vwɑːˈjɜːr]	(n.) 窥淫癖者；喜欢窥探隐私的人
wagon	[ˈwæɡən]	[ˈwæɡən]	(n.) 四轮马车；货车；（铁路）敞篷货车(v.) 用运货马车运输；〈美〉推（车）
web	[web]	[web]	(n.) 网；网状物；网络；错综复杂的事物(v.) 织网；用网捕捉；使陷入（困境等）
western	[ˈwestən]	[ˈwestərn]	(adj.) 西方的；西部的；有西方特征的(n.) 西方人；西部片；西部小说
whisky	[ˈwɪski]	[ˈwɪski]	(n.) 威士忌酒（主要产于苏格兰和爱尔兰）
yacht	[jɒt]	[jɑːt]	(n.) 游艇；帆船；快艇(v.) 驾游艇，乘帆船
yen	[jen]	[jen]	(n.) 日元（日本货币单位）；渴望；热望(v.) 渴望；向往
yoga	[ˈjəʊɡə]	[ˈjəʊɡə]	(n.) 瑜伽（包括呼吸、运动和冥想的健身方式）；瑜伽术
yuan	[juˈɑːn]	[juˈɑːn]	(n.) 元（中国货币单位）
zapper	[ˈzæpə(r)]	[ˈzæpər]	(n.) 遥控器；击杀者；（非正式）活力
zombie	[ˈzɒmbi]	[ˈzɑːmbi]	(n.) 僵尸；行尸走肉；木讷呆板的人；（为他人操控的）傀儡；（计算机）僵尸程序
zone	[zəʊn]	[zəʊn]	(n.) 地区；区域；地带；（有别于周围的）区域；（地球划分出的）气候带；（尤指有别于表面其他部分的）层次；（篮球）联防(v.) 将……划作特殊区域；划分地带；使分成区
zoo	[zuː]	[zuː]	(n.) 动物园；（铁路货车的最后一节）守车；核粒子园
zoom	[zuːm]	[zuːm]	(v.) 快速移动；迅速前往；急剧增长；（使）镜头拉近（或拉远）(n.) （车辆等的）疾驰声；变焦摄影；变焦镜头
